RAZAO_SOCIAL;UF;TOTAL_DESPESAS;MEDIA_TRIMESTRAL;DESVIO_PADRAO
ASSOCIAÃÃO POLICIAL DE ASSISTÃNCIA Ã SAÃDE;SP;139262823507.0;3868411764.0833335;7885826560.997999
VALE PLANOS DE SAÃDE LTDA;PE;46420941169.0;3868411764.0833335;8121276058.964361
AMAZIL ASSISTENCIA MEDICA DO BRASIL LTDA;RJ;46420941169.0;3868411764.0833335;8121276058.964361
VIVER BEM ADMINISTRADORA DE BENEFÃCIOS LTDA;RJ;46420941169.0;3868411764.0833335;8121276058.964361
VIVACOM PLANOS DE SAÃDE;GO;46420941169.0;3868411764.0833335;8121276058.964361
AD SALUTE ADMINISTRADORA DE BENEFÃCIOS LTDA;RJ;46420941169.0;3868411764.0833335;8121276058.964361
ÃNICA ASSISTENCIA MEDICA LTDA ;SP;46420941169.0;3868411764.0833335;8121276058.964361
ABERTTA SAÃDE - ASSOCIAÃÃO BENEFICENTE DOS EMPREGADOS DA ARCELORMITTAL NO BRASIL;MG;46420941169.0;3868411764.0833335;8121276058.964361
ADC ADMINISTRADORA DE BENEFICIOS LTDA;SP;46420941169.0;3868411764.0833335;8121276058.964361
ADM LIFE - ADMINISTRADORA DE BENEFÃCIOS LTDA.;SP;46420941169.0;3868411764.0833335;8121276058.964361
ADRESS ADMINISTRADORA DE BENEFICIOS LTDA;RJ;46420941169.0;3868411764.0833335;8121276058.964361
AFFIX ADMINISTRADORA DE BENEFÃCIOS LTDA;SP;46420941169.0;3868411764.0833335;8121276058.964361
AGROS - INSTITUTO UFV DE SEGURIDADE SOCIAL;MG;46420941169.0;3868411764.0833335;8121276058.964361
AIRES OPERADORA DE SAUDE LTDA;PE;46420941169.0;3868411764.0833335;8121276058.964361
ALACORÃ CASF ASSOCIAÃÃO CLUBE DE BENEFICIOS PESSOAIS E EMPRESARIAIS;RJ;46420941169.0;3868411764.0833335;8121276058.964361
ALICE OPERADORA LTDA.;SP;46420941169.0;3868411764.0833335;8121276058.964361
ALLCARE ADMINISTRADORA DE BENEFÃCIOS EM SAÃDE LTDA.;DF;46420941169.0;3868411764.0833335;8121276058.964361
ALMA ODONTO OPERADORA DE PLANOS ODONTOLOGICOS LTDA;SP;46420941169.0;3868411764.0833335;8121276058.964361
ALPHA DENTAL PLANO DE SAUDE LTDA ME;MT;46420941169.0;3868411764.0833335;8121276058.964361
ALTER ADMINISTRADORA DE BENEFICIOS S.A.;SP;46420941169.0;3868411764.0833335;8121276058.964361
ALUVES ADMINISTRADORA DE  BENEFICIOS LTDA;RJ;46420941169.0;3868411764.0833335;8121276058.964361
ALVORECER - ASSOCIAÃÃO DE SOCORROS MÃTUOS;SP;46420941169.0;3868411764.0833335;8121276058.964361
2B ODONTOLOGIA OPERADORA DE PLANOS ODONTOLÃGICOS LTDA;SP;46420941169.0;3868411764.0833335;8121276058.964361
AMAZÃNIA PLANOS DE SAÃDE LTDA;PA;46420941169.0;3868411764.0833335;8121276058.964361
AME VVIDA PLANOS DE SAUDE INTEGRADO LTDA.;RO;46420941169.0;3868411764.0833335;8121276058.964361
AME-ASSISTÃNCIA MÃDICA A EMPRESAS LTDA;MG;46420941169.0;3868411764.0833335;8121276058.964361
AMEPLAN ASSISTÃNCIA MÃDICA PLANEJADA LTDA;SP;46420941169.0;3868411764.0833335;8121276058.964361
AMESC - ASSOCIAÃÃO MÃDICA ESPÃRITA CRISTÃ;RJ;46420941169.0;3868411764.0833335;8121276058.964361
AMHA SAUDE S/A;SP;46420941169.0;3868411764.0833335;8121276058.964361
AMHE MED ASSISTENCIA A SAUDE LTDA - EPP;SP;46420941169.0;3868411764.0833335;8121276058.964361
AMIL ASSISTÃNCIA MÃDICA INTERNACIONAL S.A.;SP;46420941169.0;3868411764.0833335;8121276058.964361
AMPARA ASSISTÃNCIA MÃDICA PARAÃSO LTDA;MG;46420941169.0;3868411764.0833335;8121276058.964361
AMPLA PLANOS DE SAUDE LTDA;RJ;46420941169.0;3868411764.0833335;8121276058.964361
AMPLITUDE PLANOS DE SAUDE LTDA ;MG;46420941169.0;3868411764.0833335;8121276058.964361
AMÃLIA OPERADORA DE PLANOS DE SAUDE S/A.;RJ;46420941169.0;3868411764.0833335;8121276058.964361
ANAFE SAUDE;GO;46420941169.0;3868411764.0833335;8121276058.964361
AP ADMINISTRAÃÃO DE BENEFICIOS - SOCIEDADE SIMPLES UNIPESSOAL LIMITADA;SP;46420941169.0;3868411764.0833335;8121276058.964361
APLUS ADMINISTRADORA DE BENEFICIOS LTDA;RJ;46420941169.0;3868411764.0833335;8121276058.964361
AQQUER - ADMINISTRADORA DE BENEFÃCIOS LTDA;MT;46420941169.0;3868411764.0833335;8121276058.964361
ARCELORMITTAL BRASIL S/A;MG;46420941169.0;3868411764.0833335;8121276058.964361
ARL ADMINISTRADORA DE BENEFÃCIOS LTDA.;SP;46420941169.0;3868411764.0833335;8121276058.964361
ARTYODONTO BRASIL  PLANO DE ASSISTÃNCIA ODONTOLÃGICA LTDA;SE;46420941169.0;3868411764.0833335;8121276058.964361
ASSISTE ADMINISTRADORA DE BENEFÃCIOS LTDA;BA;46420941169.0;3868411764.0833335;8121276058.964361
ASSISTÃNCIA MÃDICA 12 DE OUTUBRO LTDA;SP;46420941169.0;3868411764.0833335;8121276058.964361
ASSISTÃNCIA MÃDICA SÃO MIGUEL LTDA;SP;46420941169.0;3868411764.0833335;8121276058.964361
ASSOC DE ASSIST Ã SAÃDE DOS SERV DAS UNIV E INST FED, EST E/OU FAC PART EM PE;PE;46420941169.0;3868411764.0833335;8121276058.964361
ASSOCIACAO CIVIL PRÃ-SAÃDE DOS SERVIDORES DA UNIVERSIDADE ESTADUAL DE PONTA GROSSA;PR;46420941169.0;3868411764.0833335;8121276058.964361
ASSOCIACAO DE SAUDE HOLAMBRA;SP;46420941169.0;3868411764.0833335;8121276058.964361
ASSOCIACAO DOS AUDITORES FISCAIS DA RECEITA ESTADUAL DE SAO PAULO;SP;46420941169.0;3868411764.0833335;8121276058.964361
ASSOCIACAO DOS PROFESSORES UNIVERSITÃRIOS DA BAHIA;BA;46420941169.0;3868411764.0833335;8121276058.964361
ASSOCIACAO DOS SERVIDORES DA EMDAGRO - ASSEM;SE;46420941169.0;3868411764.0833335;8121276058.964361
ASSOCIACAO POLICIAL DE ASSISTENCIA A SAUDE DE ITAPETININGA;SP;46420941169.0;3868411764.0833335;8121276058.964361
ASSOCIAÃAO DOS FUNCIONARIOS PUBLICOS DO ESTADO DO RIO GRANDE DO SUL;RS;46420941169.0;3868411764.0833335;8121276058.964361
ASSOCIAÃAO UNISAUDE MARAU;RS;46420941169.0;3868411764.0833335;8121276058.964361
ASSOCIAÃÃO ADVENTISTA NORTE BRASILEIRA DE PREVENÃÃO E ASSISTÃNCIA A SAÃDE;PA;46420941169.0;3868411764.0833335;8121276058.964361
ASSOCIAÃÃO BENEFICENTE CATÃLICA;MG;46420941169.0;3868411764.0833335;8121276058.964361
ASSOCIAÃÃO BENEFICENTE DOS PROFESSORES PÃBLICOS ATIVOS E INATIVOS DO RIO DE JANEIRO - APPAI;RJ;46420941169.0;3868411764.0833335;8121276058.964361
ASSOCIAÃÃO DA SANTA CASA SAÃDE DE RIBEIRÃO PRETO;SP;46420941169.0;3868411764.0833335;8121276058.964361
ASSOCIAÃÃO DE BENEFICÃNCIA E FILANTROPIA SÃO CRISTOVÃO;SP;46420941169.0;3868411764.0833335;8121276058.964361
ASSOCIAÃÃO DE SAÃDE DO VALE;SC;46420941169.0;3868411764.0833335;8121276058.964361
ASSOCIAÃÃO DE SAÃDE DOS FORNECEDORES DE CANA DE PIRACICABA E REGIÃO;SP;46420941169.0;3868411764.0833335;8121276058.964361
ASSOCIAÃÃO DE SAÃDE PORTUGUESA DE BENEFICÃNCIA;SP;46420941169.0;3868411764.0833335;8121276058.964361
ASSOCIAÃÃO DO FISCO DE ALAGOAS;AL;46420941169.0;3868411764.0833335;8121276058.964361
ASSOCIAÃÃO DO PLANO DE SAÃDE DA SANTA CASA DE MISERICÃRDIA DE ITABUNA - PLANSUL;BA;46420941169.0;3868411764.0833335;8121276058.964361
ASSOCIAÃÃO DOS AUDITORES FISCAIS DA RECEITA ESTADUAL DO RIO DE JANEIRO;RJ;46420941169.0;3868411764.0833335;8121276058.964361
ASSOCIAÃÃO DOS EMPREGADOS DA COMPANHIA ESTADUAL DE HABITAÃÃO E OBRAS PÃBLICAS - ASSEC;SE;46420941169.0;3868411764.0833335;8121276058.964361
ASSOCIAÃÃO DOS FISCAIS DE TRIBUTOS ESTADUAIS DO RS - AFISVEC;RS;46420941169.0;3868411764.0833335;8121276058.964361
ASSOCIAÃÃO DOS SERVIDORES FISCAIS DO ESTADO DA BAHIA;BA;46420941169.0;3868411764.0833335;8121276058.964361
ASSOCIAÃÃO DOS SERVIDORES MUNICIPAIS, ESTADUAIS E FEDERAIS DO RIO DE JANEIRO;RJ;46420941169.0;3868411764.0833335;8121276058.964361
ASSOCIAÃÃO DOS SERVIDORES PÃBLICOS DA ADMINISTRAÃÃO DIRETA DO GOVERNO DO ESTADO DO PARÃ - ASPARÃ;PA;46420941169.0;3868411764.0833335;8121276058.964361
ASSOCIAÃÃO DR. BARTHOLOMEU TACCHINI;RS;46420941169.0;3868411764.0833335;8121276058.964361
ASSOCIAÃÃO EVANGELICA BENEFICENTE DE LONDRINA;PR;46420941169.0;3868411764.0833335;8121276058.964361
ASSOCIAÃÃO FCA SAÃDE;MG;46420941169.0;3868411764.0833335;8121276058.964361
ASSOCIAÃÃO HOSPITAL SAÃDE DE VARGEM GRANDE DO SUL;SP;46420941169.0;3868411764.0833335;8121276058.964361
ASSOCIAÃÃO HOSPITALAR MOINHOS DE VENTO;RS;46420941169.0;3868411764.0833335;8121276058.964361
ASSOCIAÃÃO MAIS SAÃDE SANTA CASA DE SÃO JOÃO DA BOA VISTA;SP;46420941169.0;3868411764.0833335;8121276058.964361
ASSOCIAÃÃO MINEIRA DE ASSISTÃNCIA Ã SAÃDE DOS MEMBROS DO MINISTÃRIO PÃBLICO;MG;46420941169.0;3868411764.0833335;8121276058.964361
ASSOCIAÃÃO PADRE ALBINO SAÃDE;SP;46420941169.0;3868411764.0833335;8121276058.964361
ASSOCIAÃÃO PADRE PIO PLANOS DE SAÃDE;SP;46420941169.0;3868411764.0833335;8121276058.964361
ASSOCIAÃÃO PARANAENSE DE ASSISTÃNCIA Ã SAUDE DOS MEMBROS DO MINISTERIO PUBLICO DO PARANÃ;PR;46420941169.0;3868411764.0833335;8121276058.964361
ASSOCIAÃÃO PETROBRAS DE SAÃDE - APS;RJ;46420941169.0;3868411764.0833335;8121276058.964361
ASSOCIAÃÃO PLANO DE SAÃDE SANTA CASA DE VALINHOS;SP;46420941169.0;3868411764.0833335;8121276058.964361
ASSOCIAÃÃO POLICIAL DE ASSISTENCIA A SAUDE DE BOTUCATU;SP;46420941169.0;3868411764.0833335;8121276058.964361
ASSOCIAÃÃO POLICIAL DE ASSISTENCIA Ã SAUDE DE SAO JOAO DA BOA VISTA;SP;46420941169.0;3868411764.0833335;8121276058.964361
ASSOCIAÃÃO POLICIAL DE ASSISTÃNCIA Ã SAÃDE DE ARAÃATUBA (APAS);SP;46420941169.0;3868411764.0833335;8121276058.964361
ASSOCIAÃÃO POLICIAL DE ASSISTÃNCIA Ã SAÃDE DE BARRETOS;SP;46420941169.0;3868411764.0833335;8121276058.964361
ASSOCIAÃÃO POLICIAL DE ASSISTÃNCIA Ã SAÃDE DE JAÃ;SP;46420941169.0;3868411764.0833335;8121276058.964361
ASSOCIAÃÃO POLICIAL DE ASSISTÃNCIA Ã SAÃDE DE RIBEIRÃO PRETO (APAS);SP;46420941169.0;3868411764.0833335;8121276058.964361
ASSOCIAÃÃO SANTA CASA CLÃNICAS DE BIRIGUI;SP;46420941169.0;3868411764.0833335;8121276058.964361
ASSOCIAÃÃO SANTA CASA SAÃDE DE ARAÃATUBA;SP;46420941169.0;3868411764.0833335;8121276058.964361
ASSOCIAÃÃO SANTA CASA SAÃDE DE SÃO JOSÃ DOS CAMPOS;SP;46420941169.0;3868411764.0833335;8121276058.964361
ASSOCIAÃÃO SANTA SAÃDE;SP;46420941169.0;3868411764.0833335;8121276058.964361
ASSOCIAÃÃO SAÃDE RURAL ALEGRETE;RS;46420941169.0;3868411764.0833335;8121276058.964361
ASSOCIAÃÃO SAÃDE SÃO JOSÃ;SC;46420941169.0;3868411764.0833335;8121276058.964361
ASSOCIAÃÃO SERVIÃOS ODONTOLÃGICOS DA INDÃSTRIA DE MINAS GERAIS - ODONTOINDUSTRIA;MG;46420941169.0;3868411764.0833335;8121276058.964361
ASSOCIAÃÃO SÃO FRANCISCO VIDA;SP;46420941169.0;3868411764.0833335;8121276058.964361
ASSOCIAÃÃO SÃO LUIZ SAÃDE;SP;46420941169.0;3868411764.0833335;8121276058.964361
ASSOCIAÃÃO UNIVIDA SANTA RITA DO PASSA QUATRO;SP;46420941169.0;3868411764.0833335;8121276058.964361
ASSOREL BRASIL ADMINISTRADORA DE BENEFICIOS LTDA - EPP;MT;46420941169.0;3868411764.0833335;8121276058.964361
ATEMDE ODONTO SAÃDE CLUBE DE BENEFÃCIOS;BA;46420941169.0;3868411764.0833335;8121276058.964361
ATIMED ASSISTENCIA MEDICA LTDA;SP;46420941169.0;3868411764.0833335;8121276058.964361
ATITUDE SAÃDE ASSISTÃNCIA MEDICA LTDA;BA;46420941169.0;3868411764.0833335;8121276058.964361
ATIVUS LIFE ADMINISTRADORA DE BENEFICIOS LTDA;RJ;46420941169.0;3868411764.0833335;8121276058.964361
ATÃVIA SERVIÃOS DE SAÃDE S/A;SP;46420941169.0;3868411764.0833335;8121276058.964361
AURORA SAÃDE LTDA;MG;46420941169.0;3868411764.0833335;8121276058.964361
AUSTACLINICAS ASSISTÃNCIA MÃDICA E HOSPITALAR LTDA;SP;46420941169.0;3868411764.0833335;8121276058.964361
AVANT ADMINISTRADORA DE BENEFICIOS LTDA;RJ;46420941169.0;3868411764.0833335;8121276058.964361
AVANTI ADMINISTRADORA DE BENEFÃCIOS EM SAÃDE LTDA EPP;RJ;46420941169.0;3868411764.0833335;8121276058.964361
BACCS ADMINISTRADORA DE BENEFÃCIOS LTDA;PI;46420941169.0;3868411764.0833335;8121276058.964361
BAUEN LIFE LTDA.;SP;46420941169.0;3868411764.0833335;8121276058.964361
BCI ADMINISTRADORA DE BENEFÃCIOS LTDA.;SP;46420941169.0;3868411764.0833335;8121276058.964361
BEM ADMINISTRADORAS LTDA;RJ;46420941169.0;3868411764.0833335;8121276058.964361
BEM ESTAR ADMINISTRADORA DE BENEFÃCIOS LTDA;SC;46420941169.0;3868411764.0833335;8121276058.964361
BEMSTAR ASSISTENCIA MEDICA LTDA;BA;46420941169.0;3868411764.0833335;8121276058.964361
BENEFICENCIA CAMILIANA DO SUL;SP;46420941169.0;3868411764.0833335;8121276058.964361
BENEFICENCIA SOCIAL BOM SAMARITANO;MG;46420941169.0;3868411764.0833335;8121276058.964361
BENEFIT ADMINISTRADORA DE BENEFÃCIOS LTDA.;SP;46420941169.0;3868411764.0833335;8121276058.964361
BENEFIT BENEFICIOS LTDA;RJ;46420941169.0;3868411764.0833335;8121276058.964361
BENET ADMINISTRAÃÃO DE BENEFÃCIOS LTDA;RS;46420941169.0;3868411764.0833335;8121276058.964361
BENEVITAE ADMINISTRADORA DE BENEFÃCIOS LTDA;RO;46420941169.0;3868411764.0833335;8121276058.964361
BENEVIX ADMINISTRADORA DE BENEFÃCIOS LTDA;ES;46420941169.0;3868411764.0833335;8121276058.964361
BEST LIFE ASSESSORIA NA GESTÃO E ADMINISTRADORA DE BENEFÃCIOS LTDA;SP;46420941169.0;3868411764.0833335;8121276058.964361
BEST SENIOR OPERADORA DE SAÃDE LTDA;ES;46420941169.0;3868411764.0833335;8121276058.964361
BIORAL SISTEMA ODONTOLÃGICO LTDA.;SP;46420941169.0;3868411764.0833335;8121276058.964361
BIT LIFE BENEFÃCIOS LTDA;SP;46420941169.0;3868411764.0833335;8121276058.964361
BKR SAÃDE ADMINISTRADORA DE BENEFÃCIOS LTDA;ES;46420941169.0;3868411764.0833335;8121276058.964361
BLUZZ SAÃDE S/A;ES;46420941169.0;3868411764.0833335;8121276058.964361
BOA SAUDE ADMNISTRADORA DE BENEFICIOS DE SAUDE LTDA;SP;46420941169.0;3868411764.0833335;8121276058.964361
BONNA SAUDE LTDA;SP;46420941169.0;3868411764.0833335;8121276058.964361
BRADESCO SAÃDE - OPERADORA DE PLANOS  S/A;SP;46420941169.0;3868411764.0833335;8121276058.964361
BRADESCO SAÃDE S.A.;RJ;46420941169.0;3868411764.0833335;8121276058.964361
BRASIL ODONTO OPERADORA DE PLANOS ODONTOLÃGICOS LTDA;TO;46420941169.0;3868411764.0833335;8121276058.964361
BRASILDENTAL OPERADORA DE PLANOS ODONTOLÃGICOS S.A.;SP;46420941169.0;3868411764.0833335;8121276058.964361
BRAZIL DENTAL OPERADORA DE PLANOS ODONTOLÃGICOS LTDA;SP;46420941169.0;3868411764.0833335;8121276058.964361
BRS ADMINISTRADORA DE SAUDE LTDA;MT;46420941169.0;3868411764.0833335;8121276058.964361
BWG ADMINISTRADORA DE BENEFICIOS LTDA.;SP;46420941169.0;3868411764.0833335;8121276058.964361
CACSS ADMINISTRADORA DE BENEFICIOS LTDA;RJ;46420941169.0;3868411764.0833335;8121276058.964361
CAIXA ASSISTENCIAL E BENEFICENTE DOS FUNCIONÃRIOS DA ACARESC;SC;46420941169.0;3868411764.0833335;8121276058.964361
CAIXA BENEFICENTE DOS FUNCIONARIOS DO BANCO DO ESTADO DE SÃO PAULO;SP;46420941169.0;3868411764.0833335;8121276058.964361
CAIXA BENEFICENTE DOS FUNCIONÃRIOS DO GRUPO IGUAÃU;PR;46420941169.0;3868411764.0833335;8121276058.964361
CAIXA DE ASSISTENCIA A SAUDE DA UNIVERSIDADE;MG;46420941169.0;3868411764.0833335;8121276058.964361
CAIXA DE ASSISTÃNCIA AOS MEMBROS DA DEFENSORIA PÃBLICA DO ESTADO DO RIO DE JANEIRO;RJ;46420941169.0;3868411764.0833335;8121276058.964361
CAIXA DE ASSISTÃNCIA DOS EMPREGADOS DA SANEAGO;GO;46420941169.0;3868411764.0833335;8121276058.964361
CAIXA DE ASSISTÃNCIA DOS EMPREGADOS DO BANEB;BA;46420941169.0;3868411764.0833335;8121276058.964361
CAIXA DE ASSISTÃNCIA DOS EMPREGADOS DO BANESE;SE;46420941169.0;3868411764.0833335;8121276058.964361
CAIXA DE ASSISTÃNCIA DOS EMPREGADOS DO SETOR PÃBLICO DO ESTADO DE GOIÃS - CAEME;GO;46420941169.0;3868411764.0833335;8121276058.964361
CAIXA DE ASSISTÃNCIA DOS EMPREGADOS DO SISTEMA FINANCEIRO BANESTES;ES;46420941169.0;3868411764.0833335;8121276058.964361
CAIXA DE ASSISTÃNCIA DOS FUNCIONÃRIOS DO BANCO DO BRASIL;DF;46420941169.0;3868411764.0833335;8121276058.964361
CAIXA DE ASSISTÃNCIA DOS MAGISTRADOS DE PERNAMBUCO;PE;46420941169.0;3868411764.0833335;8121276058.964361
CAIXA DE ASSISTÃNCIA DOS SERVIDORES FAZENDÃRIOS ESTADUAIS;CE;46420941169.0;3868411764.0833335;8121276058.964361
CAIXA DE ASSISTÃNCIA Ã SAÃDE - CABERJ;RJ;46420941169.0;3868411764.0833335;8121276058.964361
CAIXA DE ASSISTÃNCIA Ã SAÃDE DO SINDICATO DOS FUNCIONÃRIOS INTEGRANTES DO GRUPO OCUPACIONAL ADMINISTRAÃÃO TRIBUTÃRIA DO ESTADO DE PERNAMBUCO;PE;46420941169.0;3868411764.0833335;8121276058.964361
CAIXA DE ASSISTÃNCIA Ã SAÃDE DOS TRABALHADORES NAS INDÃSTRIAS METALÃRGICAS, MECÃNICAS E DO MATERIAL ELÃTRICO DE BRUSQUE;SC;46420941169.0;3868411764.0833335;8121276058.964361
CAIXA DE PREVIDÃNCIA E ASSISTÃNCIA DOS SERVIDORES DA FUNDAÃÃO NACIONAL DE SAÃDE - CAPESESP;RJ;46420941169.0;3868411764.0833335;8121276058.964361
CAIXA SEGURADORA ESPECIALIZADA EM SAÃDE S/A;SP;46420941169.0;3868411764.0833335;8121276058.964361
CAMIM OPERADORA DE PLANO DE SAÃDE LTDA;RJ;46420941169.0;3868411764.0833335;8121276058.964361
CAPITAL ADMINISTRADORA DE BENEFÃCIOS LTDA.;DF;46420941169.0;3868411764.0833335;8121276058.964361
CARING SAÃDE ASSISTÃNCIA MÃDICA LTDA.;RJ;46420941169.0;3868411764.0833335;8121276058.964361
CASUFES SAÃDE ADMINISTRADORA DE BENEFÃCIOS;ES;46420941169.0;3868411764.0833335;8121276058.964361
CDA - ASSISTÃNCIA ODONTOLÃGICA LTDA - EPP;SP;46420941169.0;3868411764.0833335;8121276058.964361
CEAM BRASIL - PLANOS DE SAÃDE LTDA;MG;46420941169.0;3868411764.0833335;8121276058.964361
CELULOSE NIPO-BRASILEIRA S/A - CENIBRA;MG;46420941169.0;3868411764.0833335;8121276058.964361
CEMIG SAÃDE;MG;46420941169.0;3868411764.0833335;8121276058.964361
CENTRAL OPERADORA DE PLANOS DE SAÃDE NORTE-NORDESTE LTDA;PB;46420941169.0;3868411764.0833335;8121276058.964361
CENTRO ODONTOLOGICO INTEGRADO LTDA;DF;46420941169.0;3868411764.0833335;8121276058.964361
CENTRO TRASMONTANO DE SAO PAULO;SP;46420941169.0;3868411764.0833335;8121276058.964361
CEORP - CENTRO ODONTOLOGICO LTDA;SP;46420941169.0;3868411764.0833335;8121276058.964361
CETESB - COMPANHIA AMBIENTAL DO ESTADO DE SÃO PAULO;SP;46420941169.0;3868411764.0833335;8121276058.964361
CIRCULO OPERARIO CAXIENSE;RS;46420941169.0;3868411764.0833335;8121276058.964361
CLARO S.A;SP;46420941169.0;3868411764.0833335;8121276058.964361
CLASSE ADMINISTRADORA DE BENEFÃCIOS LTDA - ME;DF;46420941169.0;3868411764.0833335;8121276058.964361
CLICSAUDE ADMINISTRADORA DE BENEFICIOS LTDA;SP;46420941169.0;3868411764.0833335;8121276058.964361
CLINIPAM CLINICA PARANAENSE DE ASSISTENCIA MEDICA LTDA;CE;46420941169.0;3868411764.0833335;8121276058.964361
CLUBE SILVER ADMINISTRADORA DE PLANOS DE SAUDE LTDA;RJ;46420941169.0;3868411764.0833335;8121276058.964361
CLÃNICA SÃO GABRIEL S/S LTDA;SP;46420941169.0;3868411764.0833335;8121276058.964361
COMPANHIA DAS DOCAS DO ESTADO DA BAHIA - CODEBA;BA;46420941169.0;3868411764.0833335;8121276058.964361
COMPANHIA DE ENGENHARIA DE TRAFEGO - CET;SP;46420941169.0;3868411764.0833335;8121276058.964361
COMPANHIA DOCAS DO ESPIRITO SANTO - CODESA;ES;46420941169.0;3868411764.0833335;8121276058.964361
COMPANHIA ESPIRITO SANTENSE DE SANEAMENTO;ES;46420941169.0;3868411764.0833335;8121276058.964361
COMPANHIA NACIONAL DE ABASTECIMENTO - CONAB;DF;46420941169.0;3868411764.0833335;8121276058.964361
COMPAR ADMINISTRADORA DE BENEFICIOS LTDA - ME;PR;46420941169.0;3868411764.0833335;8121276058.964361
COMSEDER - COOPERATIVA DE ASSISTÃNCIA MÃDICA DOS SERVIDORES DA SUPLAN E DO DER LTDA;PB;46420941169.0;3868411764.0833335;8121276058.964361
CONECTA ADMINISTRADORA DE BENEFICIOS LTDA;PB;46420941169.0;3868411764.0833335;8121276058.964361
CONECTAPLAN ADMINISTRADORA DE BENEFÃCIOS LTDA;SP;46420941169.0;3868411764.0833335;8121276058.964361
CONFERÃNCIA SÃO JOSÃ DO AVAÃ;RJ;46420941169.0;3868411764.0833335;8121276058.964361
CONSTRUDENTE ASSISTENCIA ODONTOLOGICA LTDA;SP;46420941169.0;3868411764.0833335;8121276058.964361
CONTEM ADMINISTRADORA DE PLANOS DE SAÃDE LTDA.;RJ;46420941169.0;3868411764.0833335;8121276058.964361
COOPERATIVA CENTRAL UNIMED DE COOPERATIVAS DE ASSISTÃNCIA Ã SAÃDE DO RIO GRANDE DO SUL LTDA.;RS;46420941169.0;3868411764.0833335;8121276058.964361
COOPERATIVA DE TRABALHO MEDICO DE ARAGUAÃNA - UNIMED ARAGUAÃNA;TO;46420941169.0;3868411764.0833335;8121276058.964361
COOPERATIVA DE TRABALHO MEDICO REGIÃO DO PLANALTO SERRANO;SC;46420941169.0;3868411764.0833335;8121276058.964361
COOPERATIVA DE TRABALHO MÃDICO DE POUSO ALEGRE;MG;46420941169.0;3868411764.0833335;8121276058.964361
COOPERATIVA DE TRABALHO MÃDICO DO PLANALTO NORTE DE SANTA CATARINA LTDA;SC;46420941169.0;3868411764.0833335;8121276058.964361
COOPERATIVA DE TRABALHO ODONTOLOGICO - UNIODONTO ITAJUBÃ;MG;46420941169.0;3868411764.0833335;8121276058.964361
COOPERATIVA DOS USUÃRIOS DE SERVIÃOS DE SAÃDE DO VALE DO RIO DOS SINOS LTDA;RS;46420941169.0;3868411764.0833335;8121276058.964361
COOPERCISO - CENTRO INTEGRADO DE SERVIÃO ODONTOLÃGICO S/S LTDA.;MG;46420941169.0;3868411764.0833335;8121276058.964361
CORPLIFE ADMINISTRADORA DE BENEFÃCIOS LTDA ;PR;46420941169.0;3868411764.0833335;8121276058.964361
CORPORE ADMINISTRADORA DE BENEFICIOS DA SAUDE LTDA;SP;46420941169.0;3868411764.0833335;8121276058.964361
CROE - CENTRO DE REABILITACAO ORAL ESPECIALIZADO LTDA;MG;46420941169.0;3868411764.0833335;8121276058.964361
CROWN ODONTOLOGIA DE GRUPO LTDA;SP;46420941169.0;3868411764.0833335;8121276058.964361
CRZ PLANO ODONTOLÃGICO LTDA;SC;46420941169.0;3868411764.0833335;8121276058.964361
CTESK ADMINISTRADORA DE BENEFIÃCIOS LTDA;DF;46420941169.0;3868411764.0833335;8121276058.964361
CUIDE SAÃDE ADMINISTRADORA DE BENEFÃCIOS LTDA.;PA;46420941169.0;3868411764.0833335;8121276058.964361
DELFHI PLANOS ODONTOLÃGICOS LTDA;RN;46420941169.0;3868411764.0833335;8121276058.964361
DENTAL CARE ASSISTÃNCIA ODONTOLÃGICA LTDA;AL;46420941169.0;3868411764.0833335;8121276058.964361
DENTAL CARE CLINICA ODONTOLOGICA LTDA;SP;46420941169.0;3868411764.0833335;8121276058.964361
DENTAL CENTER LTDA;PB;46420941169.0;3868411764.0833335;8121276058.964361
DENTAL KLIN ASSISTENCIA ODONTOLOGICA LTDA;SP;46420941169.0;3868411764.0833335;8121276058.964361
DENTAL SAUDE SUPREME PLANOS ODONTOLOGICOS LTDA;AM;46420941169.0;3868411764.0833335;8121276058.964361
DENTAL UNI - COOPERATIVA ODONTOLÃGICA;PR;46420941169.0;3868411764.0833335;8121276058.964361
DENTAL WHITE PLANO DE ASSISTÃNCIA ODONTOLÃGICA LTDA;AL;46420941169.0;3868411764.0833335;8121276058.964361
DENTALMASTER LTDA;MG;46420941169.0;3868411764.0833335;8121276058.964361
DESBAN - FUNDAÃÃO BDMG DE SEGURIDADE SOCIAL;MG;46420941169.0;3868411764.0833335;8121276058.964361
DIXMED ADMINISTRADORA DE BENEFICIOS LTDA ;RJ;46420941169.0;3868411764.0833335;8121276058.964361
DONA SAÃDE CLINICAS LTDA ;SP;46420941169.0;3868411764.0833335;8121276058.964361
DR DIA PLANOS ODONTOLOGICOS E SAUDE LTDA;PR;46420941169.0;3868411764.0833335;8121276058.964361
EASY SAUDE ADMINISTRADORA DE BENEFICIOS LTDA;RJ;46420941169.0;3868411764.0833335;8121276058.964361
EASYPLAN ADMINISTRADORA DE BENEFICIOS LTDA.;DF;46420941169.0;3868411764.0833335;8121276058.964361
ECONOMUS INSTITUTO DE SEGURIDADE SOCIAL;SP;46420941169.0;3868411764.0833335;8121276058.964361
ECS ADMINISTRADORA DE BENEFICIOS LTDA;RJ;46420941169.0;3868411764.0833335;8121276058.964361
EGRÃGORA  ADMINISTRADORA DE BENEFICIOS S/A;ES;46420941169.0;3868411764.0833335;8121276058.964361
ELETROS SAÃDE - ASSOCIAÃÃO DE ASSISTÃNCIA Ã SAÃDE;RJ;46420941169.0;3868411764.0833335;8121276058.964361
ELITE SAUDE SERVICOS MEDICOS LTDA.;SP;46420941169.0;3868411764.0833335;8121276058.964361
ELOSAÃDE - ASSOCIAÃÃO DE ASSISTÃNCIA Ã SAÃDE;SC;46420941169.0;3868411764.0833335;8121276058.964361
ESMALE ASSISTENCIA INTERNACIONAL DE SAUDE LTDA.;AL;46420941169.0;3868411764.0833335;8121276058.964361
ESPERANÃA OPERADORA DE PLANOS DE SAÃDE LTDA;RJ;46420941169.0;3868411764.0833335;8121276058.964361
ESPLENDOR ADMINISTRADORA DE BENEFÃCIOS LTDA.;DF;46420941169.0;3868411764.0833335;8121276058.964361
EVO SAUDE ASSISTENCIA MEDICA LTDA;DF;46420941169.0;3868411764.0833335;8121276058.964361
EVOLUÃÃO ADMINISTRADORA DE BENEFICIOS LTDA ;MG;46420941169.0;3868411764.0833335;8121276058.964361
EXCELÃNCIA PLANO DE SAÃDE S/A;ES;46420941169.0;3868411764.0833335;8121276058.964361
EXCLUSIVO ODONTO ASSISTENCIA ODONTOLOGICA LTDA;SP;46420941169.0;3868411764.0833335;8121276058.964361
FEBRAFITE SAUDE;DF;46420941169.0;3868411764.0833335;8121276058.964361
FEDERAL ADMINISTRADORA DE BENEFICIOS LTDA;DF;46420941169.0;3868411764.0833335;8121276058.964361
FEDERAÃÃO DAS SOCIEDADES COOPERATIVAS DE TRABALHO MÃDICO DO ACRE, AMAPÃ, AMAZONAS, PARÃ, RONDONIA E RORAIMA;AM;46420941169.0;3868411764.0833335;8121276058.964361
FOCO ADMINISTRADORA DE BENEFICIOS LTDA;RJ;46420941169.0;3868411764.0833335;8121276058.964361
FOX SAÃDE ASSISTÃNCIA MÃDICA INTEGRADA LTDA;PE;46420941169.0;3868411764.0833335;8121276058.964361
FUNDACAO LEONOR DE BARROS CAMARGO;SP;46420941169.0;3868411764.0833335;8121276058.964361
FUNDAÃAO COMPESA DE PREVIDENCIA E ASSISTENCIA - COMPESAPREV;PE;46420941169.0;3868411764.0833335;8121276058.964361
FUNDAÃÃO CELESC DE SEGURIDADE SOCIAL - CELOS;SC;46420941169.0;3868411764.0833335;8121276058.964361
FUNDAÃÃO CESP;SP;46420941169.0;3868411764.0833335;8121276058.964361
FUNDAÃÃO CHESF DE ASSISTÃNCIA E SEGURIDADE SOCIAL;PE;46420941169.0;3868411764.0833335;8121276058.964361
FUNDAÃÃO COPEL DE PREVIDÃNCIA E ASSISTÃNCIA SOCIAL;PR;46420941169.0;3868411764.0833335;8121276058.964361
FUNDAÃÃO DE ASSISTÃNCIA Ã SAÃDE DA ASSOCIAÃÃO DO MINISTÃRIO PÃBLICO DO RIO GRANDE DO SUL;RS;46420941169.0;3868411764.0833335;8121276058.964361
FUNDAÃÃO DE SEGURIDADE SOCIAL DA ARCELORMITTAL BRASIL - FUNSSEST;ES;46420941169.0;3868411764.0833335;8121276058.964361
FUNDAÃÃO FIAT SAÃDE E BEM ESTAR;MG;46420941169.0;3868411764.0833335;8121276058.964361
FUNDAÃÃO FILANTRÃPICA E BENEFICENTE DE SAÃDE ARNALDO GAVAZZA FILHO;MG;46420941169.0;3868411764.0833335;8121276058.964361
FUNDAÃÃO LIBERTAS DE SEGURIDADE SOCIAL;MG;46420941169.0;3868411764.0833335;8121276058.964361
FUNDAÃÃO PLAMHUV - PLANO MÃDICO HOSPITALAR DOS HOSPITAIS UNIDOS DE VIÃOSA;MG;46420941169.0;3868411764.0833335;8121276058.964361
FUNDAÃÃO SANEPAR DE ASSISTÃNCIA SOCIAL;PR;46420941169.0;3868411764.0833335;8121276058.964361
FUNDAÃÃO SAÃDE ITAÃ;MG;46420941169.0;3868411764.0833335;8121276058.964361
FUNDAÃÃO SÃO FRANCISCO XAVIER;MG;46420941169.0;3868411764.0833335;8121276058.964361
FUNDO DE ASSISTÃNCIA MÃDICO-HOSPITALAR DO MINISTÃRIO PÃBLICO;MS;46420941169.0;3868411764.0833335;8121276058.964361
G & M ASSESSORIA MEDICA EMPRESARIAL LTDA;RJ;46420941169.0;3868411764.0833335;8121276058.964361
G2C ADMINISTRADORA DE BENEFICIOS LTDA - ME;RJ;46420941169.0;3868411764.0833335;8121276058.964361
GARANTIA DE SAÃDE LTDA;SP;46420941169.0;3868411764.0833335;8121276058.964361
GEAC - GERENCIAMENTO EMPRESARIAL LTDA;SP;46420941169.0;3868411764.0833335;8121276058.964361
GESTAO VIDA ADMINISTRADORA DE BENEFICIOS LTDA.;SP;46420941169.0;3868411764.0833335;8121276058.964361
GESTÃO ADMINISTRADORA DE PLANOS DE SAUDE LTDA;RJ;46420941169.0;3868411764.0833335;8121276058.964361
GKN DO BRASIL LTDA;RS;46420941169.0;3868411764.0833335;8121276058.964361
GLOBAL-AL ADMINISTRADORA DE BENEFÃCIOS LTDA;AL;46420941169.0;3868411764.0833335;8121276058.964361
GOCARE PLANOS DE SAUDE LTDA;SP;46420941169.0;3868411764.0833335;8121276058.964361
GOLD PLAN EMPREENDIMENTOS LTDA;MG;46420941169.0;3868411764.0833335;8121276058.964361
GRINGO PLANOS ODONTOLOGICOS LTDA;MG;46420941169.0;3868411764.0833335;8121276058.964361
GRUPO HOSPITALAR DO RIO DE JANEIRO LTDA;RJ;46420941169.0;3868411764.0833335;8121276058.964361
H2U ADMINISTRADORA DE BENEFICIOS LTDA.;SP;46420941169.0;3868411764.0833335;8121276058.964361
HAPVIDA ASSISTENCIA MEDICA S.A.;CE;46420941169.0;3868411764.0833335;8121276058.964361
HEALTH ADMINISTRADORA DE BENEFICIOS LTDA;SP;46420941169.0;3868411764.0833335;8121276058.964361
HEALTH-MED SISTEMA DE SAUDE LTDA;RJ;46420941169.0;3868411764.0833335;8121276058.964361
HEALTHY LIFE ADMINISTRADORA DE BENEFICIOS LTDA;SP;46420941169.0;3868411764.0833335;8121276058.964361
HEBROM ADMINISTRADORA DE BENEFICIOS LTDA. - ME;SP;46420941169.0;3868411764.0833335;8121276058.964361
HES PLANO DE SAUDE LTDA;RO;46420941169.0;3868411764.0833335;8121276058.964361
HOME ADMINISTRADORA DE BENEFÃCIOS LTDA;PR;46420941169.0;3868411764.0833335;8121276058.964361
HOSPITAL CESAR LEITE;MG;46420941169.0;3868411764.0833335;8121276058.964361
HOSPITAL DE CARIDADE SÃO VICENTE DE PAULO;PR;46420941169.0;3868411764.0833335;8121276058.964361
HOSPITAL DE CLÃNICAS DE PASSO FUNDO;RS;46420941169.0;3868411764.0833335;8121276058.964361
HOSPITAL DE PRONTOCLINICA LTDA.;RS;46420941169.0;3868411764.0833335;8121276058.964361
HOSPITAL MATER DEI SA ;MG;46420941169.0;3868411764.0833335;8121276058.964361
HSMED SAUDE LTDA;RJ;46420941169.0;3868411764.0833335;8121276058.964361
HUB HEALTH ADMINISTRADORA DE BENEFICIOS LTDA ;PE;46420941169.0;3868411764.0833335;8121276058.964361
HUMANA SAÃDE LTDA.;PR;46420941169.0;3868411764.0833335;8121276058.964361
IDEAL ADMINISTRADORA DE BENEFICIOS LTDA;PR;46420941169.0;3868411764.0833335;8121276058.964361
IDEAL SAÃDE ASSISTÃNCIA MÃDICA AMBULATORIAL LTDA;DF;46420941169.0;3868411764.0833335;8121276058.964361
IDENTAL ASSISTÃNCIA ODONTOLÃGICA LTDA - ME;BA;46420941169.0;3868411764.0833335;8121276058.964361
IMPETU ADMINISTRADORA DE BENEFICIOS LTDA;PR;46420941169.0;3868411764.0833335;8121276058.964361
INDEPENDENCIA ADMINISTRADORA DE BENEFICIOS LTDA;SP;46420941169.0;3868411764.0833335;8121276058.964361
INFINITY SAÃDE SUPLEMENTAR LTDA;MT;46420941169.0;3868411764.0833335;8121276058.964361
INNOVA PLANO DE SAUDE LTDA;RO;46420941169.0;3868411764.0833335;8121276058.964361
INOVA ADMINISTRADORA DE BENEFÃCIOS LTDA ME;SC;46420941169.0;3868411764.0833335;8121276058.964361
INSTITUIÃÃO BENEFICENTE CEL MASSOT - IBCM;RS;46420941169.0;3868411764.0833335;8121276058.964361
INTEGRA ADMINISTRADORA DE BENEFICIOS LTDA;GO;46420941169.0;3868411764.0833335;8121276058.964361
INTEGRA ASSISTENCIA MEDICA SA;SP;46420941169.0;3868411764.0833335;8121276058.964361
INTEGRAL CONVÃNIO ODONTOLÃGICO LTDA.;SP;46420941169.0;3868411764.0833335;8121276058.964361
INTEGRAL SERVIÃOS ODONTOLÃGICOS LTDA.;SP;46420941169.0;3868411764.0833335;8121276058.964361
INTEGRALCARE PLANOS DE SAUDE LTDA;BA;46420941169.0;3868411764.0833335;8121276058.964361
INTERBRASIL ADMINISTRADORA DE BENEFICIOS  DE SAUDE LTDA;SP;46420941169.0;3868411764.0833335;8121276058.964361
INTERCLINICAS PLANO VIDA USA OPERADORA DE SAUDE LTDA;SP;46420941169.0;3868411764.0833335;8121276058.964361
INTERMEDICI PIRACICABA ASSISTENCIA MEDICA LTDA;SP;46420941169.0;3868411764.0833335;8121276058.964361
INTERVIDA ADMINISTRADORA DE BENEFÃCIOS LTDA;SP;46420941169.0;3868411764.0833335;8121276058.964361
IPRESB - INSTITUTO DE PREVENÃÃO EM SAÃDE BUCAL LTDA;SP;46420941169.0;3868411764.0833335;8121276058.964361
IRMANDADE DA SANTA CASA DE MISERICORDIA DE LIMEIRA;SP;46420941169.0;3868411764.0833335;8121276058.964361
IRMANDADE DA SANTA CASA DE MISERICÃRDIA DE PASSOS;MG;46420941169.0;3868411764.0833335;8121276058.964361
IRMANDADE DA SANTA CASA DE MISERICÃRDIA DE PIRACICABA;SP;46420941169.0;3868411764.0833335;8121276058.964361
IRMANDADE DA SANTA CASA DE MISERICÃRDIA DE RIO CLARO;SP;46420941169.0;3868411764.0833335;8121276058.964361
IRMANDADE DA SANTA CASA DE MISERICÃRDIA E MATERNIDADE DONA ZILDA SALVAGNI;SP;46420941169.0;3868411764.0833335;8121276058.964361
IRMANDADE DE MISERICORDIA DE PORTO FERREIRA;SP;46420941169.0;3868411764.0833335;8121276058.964361
IRMANDADE DE MISERICÃRDIA DO HOSPITAL DA SANTA CASA DE MONTE ALTO;SP;46420941169.0;3868411764.0833335;8121276058.964361
IRMANDADE SANTA CASA DE MISERICÃRDIA DE MARINGÃ;PR;46420941169.0;3868411764.0833335;8121276058.964361
J&L ADMINISTRADORA DE BENEFICIOS E SOL EM SAUDE LTDA;BA;46420941169.0;3868411764.0833335;8121276058.964361
KLINI PLANOS DE SAÃDE LTDA;RJ;46420941169.0;3868411764.0833335;8121276058.964361
LAGO SAUDE ADMINISTRADORA DE BENEFICIOS LTDA;RJ;46420941169.0;3868411764.0833335;8121276058.964361
LANCERS ADMINISTRADORA DE BENEFÃCIOS DE SAÃDE LTDA.;SP;46420941169.0;3868411764.0833335;8121276058.964361
LD RODRIGUES LTDA;RO;46420941169.0;3868411764.0833335;8121276058.964361
LEVE SAUDE OPERADORA DE PLANOS DE SAUDE S.A;RJ;46420941169.0;3868411764.0833335;8121276058.964361
LEXUS ADMINISTRADORA DE BENEFICIOS LTDA;SP;46420941169.0;3868411764.0833335;8121276058.964361
LIFE CLASS ADMINISTRADORA DE BENEFICIOS LTDA.;SP;46420941169.0;3868411764.0833335;8121276058.964361
LIFE PLANS ADMINISTRADORA DE BENEFICIOS LTDA ;SP;46420941169.0;3868411764.0833335;8121276058.964361
LIFEMED ADMINISTRADORA DE BENEFICIOS LTDA;AM;46420941169.0;3868411764.0833335;8121276058.964361
LIKE DENTAL PLANOS ODONTOLÃGICOS SS LTDA;PR;46420941169.0;3868411764.0833335;8121276058.964361
LIVEN PRESTADORA DE SERVIÃOS LTDA;RJ;46420941169.0;3868411764.0833335;8121276058.964361
LIVRI OPERADORA DE PLANO DE SAÃDE LTDA;SP;46420941169.0;3868411764.0833335;8121276058.964361
LUMINAR SAÃDE - ASSOCIAÃÃO DE ASSISTÃNCIA Ã SAÃDE;DF;46420941169.0;3868411764.0833335;8121276058.964361
MAIS SAUDE S/A;ES;46420941169.0;3868411764.0833335;8121276058.964361
MAIS VOCE ADMINISTRADORA DE BENEFICIOS LTDA;SP;46420941169.0;3868411764.0833335;8121276058.964361
MAPMA ADMINISTRADORA DE BENEFÃCIOS LTDA.;RJ;46420941169.0;3868411764.0833335;8121276058.964361
MASTER HEALTH ADMINISTRADORA DE BENEFÃCIOS LTDA;RJ;46420941169.0;3868411764.0833335;8121276058.964361
MATÃO CLINICAS & AMHMA SAÃDE LTDA;SP;46420941169.0;3868411764.0833335;8121276058.964361
MAXIMED PLANOS DE SAUDE LTDA;RJ;46420941169.0;3868411764.0833335;8121276058.964361
MAXMED ADMINISTRADORA DE BENEFICIOS LTDA;SP;46420941169.0;3868411764.0833335;8121276058.964361
MB PLANOS DE SAÃDE LTDA;BA;46420941169.0;3868411764.0833335;8121276058.964361
MED CARE ADMINISTRADORA DE BENEFICIOS LTDA;RJ;46420941169.0;3868411764.0833335;8121276058.964361
MED CORP SAÃDE CORPORATIVA LTDA - EPP;RJ;46420941169.0;3868411764.0833335;8121276058.964361
MEDCORP ADMINISTRADORA DE BENEFICIOS LTDA;RJ;46420941169.0;3868411764.0833335;8121276058.964361
MEDGOLD ASSISTENCIA MEDICA LTDA - ME;MG;46420941169.0;3868411764.0833335;8121276058.964361
MEDHEALTH PLANOS DE SAÃDE LTDA;PR;46420941169.0;3868411764.0833335;8121276058.964361
MEDIATORIE ADMINISTRADORA DE BENEFÃCIOS S/A;ES;46420941169.0;3868411764.0833335;8121276058.964361
MEDICAL LIFE PLANOS DE SAÃDE LTDA;BA;46420941169.0;3868411764.0833335;8121276058.964361
MEDISERVICE OPERADORA DE PLANOS DE SAÃDE S.A.;SP;46420941169.0;3868411764.0833335;8121276058.964361
MEDSAUDE ADMINISTRADORA DE PLANOS DE SAUDE LTDA;RJ;46420941169.0;3868411764.0833335;8121276058.964361
MEGA ADMINISTRADORA DE BENEFÃCIOS LTDA;SP;46420941169.0;3868411764.0833335;8121276058.964361
MERIDIAN ADMINISTRADORA DE BENEFÃCIOS LTDA;ES;46420941169.0;3868411764.0833335;8121276058.964361
METRUS INSTITUTO DE SEGURIDADE SOCIAL;SP;46420941169.0;3868411764.0833335;8121276058.964361
METTA ADMINISTRADORA DE BENEFICIOS LTDA;RJ;46420941169.0;3868411764.0833335;8121276058.964361
MINERAÃÃO CARAÃBA S/A;BA;46420941169.0;3868411764.0833335;8121276058.964361
MMS ADMINISTRADORA DE BENEFICIOS LTDA;RJ;46420941169.0;3868411764.0833335;8121276058.964361
MOUNT HERMON ADMINISTRADORA DE BENEFÃCIOS LTDA;PR;46420941169.0;3868411764.0833335;8121276058.964361
MUITO MAIS SAÃDE ADMINISTRADORA DE BENEFÃCIOS;RJ;46420941169.0;3868411764.0833335;8121276058.964361
MÃTUA DOS MAGISTRADOS DO ESTADO DO RIO DE JANEIRO;RJ;46420941169.0;3868411764.0833335;8121276058.964361
NACIONAL SAUDE ADMINISTRADORA DE BENEFICIOS LTDA;RJ;46420941169.0;3868411764.0833335;8121276058.964361
NEXO - ADMINISTRADORA DE BENEFICIOS LTDA;SP;46420941169.0;3868411764.0833335;8121276058.964361
NOTRE DAME INTERMÃDICA MINAS GERAIS SAÃDE S.A.;CE;46420941169.0;3868411764.0833335;8121276058.964361
NOTRE DAME INTERMÃDICA SAÃDE S.A.;SP;46420941169.0;3868411764.0833335;8121276058.964361
NOVA SAÃDE OPERADORA INTEGRADA DE SAÃDE LTDA;RJ;46420941169.0;3868411764.0833335;8121276058.964361
NOVAMED PLANOS DE SAUDE LTDA;GO;46420941169.0;3868411764.0833335;8121276058.964361
NUCLEBRÃS EQUIPAMENTOS PESADOS S/A - NUCLEP;RJ;46420941169.0;3868411764.0833335;8121276058.964361
ODILE SERVIÃOS DE SAÃDE LTDA.;SP;46420941169.0;3868411764.0833335;8121276058.964361
ODONT-OPERADORA ODONTOLOGICA LTDA;SP;46420941169.0;3868411764.0833335;8121276058.964361
ODONTO EMPRESAS CONVENIOS DENTARIOS LTDA.;SP;46420941169.0;3868411764.0833335;8121276058.964361
ODONTO MAIS BRASIL OPERADORA DE PLANOS ODONTOLOGICO LTDA;AM;46420941169.0;3868411764.0833335;8121276058.964361
ODONTO MAIS SAUDE EMPREENDIMENTOS LTDA.;MG;46420941169.0;3868411764.0833335;8121276058.964361
ODONTO PLUS CONVENIO ODONTOLOGICO SOCIEDADE SIMPLES LTDA;RS;46420941169.0;3868411764.0833335;8121276058.964361
ODONTO PRIME S/S LTDA;CE;46420941169.0;3868411764.0833335;8121276058.964361
ODONTO SEG OPERADORA DE PLANOS ODONTOLOGICOS S.A.;SP;46420941169.0;3868411764.0833335;8121276058.964361
ODONTOBRAS PLANOS ODONTOLOGICOS LTDA;SP;46420941169.0;3868411764.0833335;8121276058.964361
ODONTOCLINICA RCC LTDA. S/S;RS;46420941169.0;3868411764.0833335;8121276058.964361
ODONTOCOOP - OPERADORA DE PLANOS DE SAÃDE LTDA;AL;46420941169.0;3868411764.0833335;8121276058.964361
ODONTOLIVE OPERADORA DE PLANOS ODONTOLÃGICOS LTDA.;SP;46420941169.0;3868411764.0833335;8121276058.964361
ODONTOMAIS SERVIÃOS ODONTOLÃGICOS LTDA - ME;RN;46420941169.0;3868411764.0833335;8121276058.964361
ODONTOMAXI OPERADORA DE PLANOS ODONTOLÃGICOS LTDA;SP;46420941169.0;3868411764.0833335;8121276058.964361
ODONTOPREV S/A;SP;46420941169.0;3868411764.0833335;8121276058.964361
OLIVA ADMINISTRADORA DE BENEFICIOS LTDA;RJ;46420941169.0;3868411764.0833335;8121276058.964361
OMEGA ODONTO OPERADORA DE PLANOS ODONTOLOGICOS LTDA.;SP;46420941169.0;3868411764.0833335;8121276058.964361
OMINT SERVIÃOS DE SAÃDE S.A.;SP;46420941169.0;3868411764.0833335;8121276058.964361
ON MED ASSISTÃNCIA MÃDICA LTDA;RS;46420941169.0;3868411764.0833335;8121276058.964361
OPERADORA DE PLANOS ODONTOLOGICOS ULTRAODONTO LTDA;BA;46420941169.0;3868411764.0833335;8121276058.964361
OPERADORA DE PLANOS ODONTOLÃGICOS ODONTOCLÃNICA LTDA;RN;46420941169.0;3868411764.0833335;8121276058.964361
OPERADORA DE PLANOS PRIVADOS DE SAÃDE - SANTA CASA SAÃDE LTDA;MS;46420941169.0;3868411764.0833335;8121276058.964361
OPLAN SAÃDE OPERADORA DE PLANO DE SAÃDE LTDA;RJ;46420941169.0;3868411764.0833335;8121276058.964361
ORAL BLUE LTDA;PA;46420941169.0;3868411764.0833335;8121276058.964361
ORALPLAN PLANOS DE SAUDE ODONTOLÃGICOS LTDA;AL;46420941169.0;3868411764.0833335;8121276058.964361
OROS OPERADORA DE PLANOS ODONTOLÃGICOS LTDA ME;ES;46420941169.0;3868411764.0833335;8121276058.964361
P4H GESTAO DE BENEFICIOS LTDA;SC;46420941169.0;3868411764.0833335;8121276058.964361
PARANA ASSISTENCIA MEDICA LTDA;PR;46420941169.0;3868411764.0833335;8121276058.964361
PASA - PLANO DE ASSISTENCIA A SAUDE DO APOSENTADO DA VALE;RJ;46420941169.0;3868411764.0833335;8121276058.964361
PASSPORT SYSTEM ODONTOLOGIA LTDA;RO;46420941169.0;3868411764.0833335;8121276058.964361
PB ASSISTENCIA MEDICA EU LTDA;BA;46420941169.0;3868411764.0833335;8121276058.964361
PD BRASIL ASSISTENCIA ODONTOLOGICA LTDA;MG;46420941169.0;3868411764.0833335;8121276058.964361
PENTÃGONO ADMINISTRADORA DE BENEFÃCIOS S/A;PR;46420941169.0;3868411764.0833335;8121276058.964361
PERSONAL CARE OPERADORA DE SAÃDE SA;SP;46420941169.0;3868411764.0833335;8121276058.964361
PESSOAL SAÃDE PLANOS DE ASSISTÃNCIA MÃDICA LTDA;SP;46420941169.0;3868411764.0833335;8121276058.964361
PLADISA PLANOS DE SAÃDE SA;SC;46420941169.0;3868411764.0833335;8121276058.964361
PLAMED PLANO DE ASSISTENCIA MEDICA LTDA;SE;46420941169.0;3868411764.0833335;8121276058.964361
PLAMEDH PLANOS DE SAÃDE LTDA;MG;46420941169.0;3868411764.0833335;8121276058.964361
PLAMER PLANO MEDICO RESENDE LTDA;RJ;46420941169.0;3868411764.0833335;8121276058.964361
PLAMESC PLANOS DE SAÃDE LTDA;RJ;46420941169.0;3868411764.0833335;8121276058.964361
PLANO A ADMINISTRADORA DE PLANOS DE SAUDE LTDA;AM;46420941169.0;3868411764.0833335;8121276058.964361
PLANO DE ASSISTÃNCIA MÃDICA MINEIRA LTDA;MG;46420941169.0;3868411764.0833335;8121276058.964361
PLANO DE ASSISTÃNCIA ODONTOLÃGICA FAUCHARD LTDA. ME;BA;46420941169.0;3868411764.0833335;8121276058.964361
PLANO DE SAÃDE DA SANTA CASA DE BRAGANÃA PAULISTA;SP;46420941169.0;3868411764.0833335;8121276058.964361
PLANO SIGMA SAÃDE LTDA;SP;46420941169.0;3868411764.0833335;8121276058.964361
PLATINUM ADMINISTRADORA DE BENEFICIOS;DF;46420941169.0;3868411764.0833335;8121276058.964361
PLENA ADMINISTRADORA DE BENEFÃCIOS LTDA - ME;ES;46420941169.0;3868411764.0833335;8121276058.964361
PLENUM ASSISTENCIA MEDICA  LTDA;DF;46420941169.0;3868411764.0833335;8121276058.964361
PLURAL GESTÃO EM PLANOS DE SAÃDE LTDA;RJ;46420941169.0;3868411764.0833335;8121276058.964361
PLURICLUB ADMINISTRADORA DE BENEFÃCIOS LTDA.;SP;46420941169.0;3868411764.0833335;8121276058.964361
POLIMÃDICA SAÃDE SOCIEDADE SIMPLES LTDA;RS;46420941169.0;3868411764.0833335;8121276058.964361
PORTO SEGURO SERVIÃOS ODONTOLÃGICOS LTDA.;SP;46420941169.0;3868411764.0833335;8121276058.964361
PORTOMED - PORTO SEGURO SERVIÃOS DE SAUDE LTDA;SP;46420941169.0;3868411764.0833335;8121276058.964361
POSITIVA ADMINISTRADORA DE BENEFICIOS LTDA;SP;46420941169.0;3868411764.0833335;8121276058.964361
POSTAL SAÃDE CAIXA DE ASSISTÃNCIA E SAÃDE DOS EMPREGADOS DOS CORREIOS;DF;46420941169.0;3868411764.0833335;8121276058.964361
PP HEALTH ADMINISTRADORA DE BENEFÃCIOS LTDA-ME;PR;46420941169.0;3868411764.0833335;8121276058.964361
PRESERVE SAUDE ASSISTENCIA MEDICA LTDA;BA;46420941169.0;3868411764.0833335;8121276058.964361
PREVER ADMINISTRADORA DE BENEFÃCIOS LTDA;PR;46420941169.0;3868411764.0833335;8121276058.964361
PREVIDENT ASSISTÃNCIA ODONTOLÃGICA S.A;SP;46420941169.0;3868411764.0833335;8121276058.964361
PREVISÃO ADMINISTRADORA DE BENEFÃCIOS LTDA.;RJ;46420941169.0;3868411764.0833335;8121276058.964361
PRIME PLANOS DE SAUDE LTDA;AM;46420941169.0;3868411764.0833335;8121276058.964361
PRO-SAUDE JARINU ASSISTENCIA MEDICA SUPLEMENTAR LTDA.;SP;46420941169.0;3868411764.0833335;8121276058.964361
PROLIFE ADMINISTRADORA  DE SAUDE LTDA;SP;46420941169.0;3868411764.0833335;8121276058.964361
PROMÃDICA - PROTEÃÃO MEDICA A EMPRESAS S.A.;BA;46420941169.0;3868411764.0833335;8121276058.964361
PRONTO SOCORRO CONDE DE MOREIRA LIMA;SP;46420941169.0;3868411764.0833335;8121276058.964361
PRONTOCLINICA E HOSPITAIS SAO LUCAS S/A;MG;46420941169.0;3868411764.0833335;8121276058.964361
PRONTOMED PLANOS DE SAÃDE LTDA;MG;46420941169.0;3868411764.0833335;8121276058.964361
PROPULSÃO PLANOS ODONTOLÃGICOS LTDA;PR;46420941169.0;3868411764.0833335;8121276058.964361
PROVER ODONTOLOGIA LTDA;MS;46420941169.0;3868411764.0833335;8121276058.964361
PROVIDENCE ADMINISTRADORA DE BENEFICIOS LTDA;RJ;46420941169.0;3868411764.0833335;8121276058.964361
PRUDENTE ADMINISTRADORA DE BENEFICIOS LTDA;SP;46420941169.0;3868411764.0833335;8121276058.964361
PRÃ-SAÃDE ADMINISTRADORA  DE BENEFICIOS LTDA;RJ;46420941169.0;3868411764.0833335;8121276058.964361
PS ASSISTENCIA LTDA;ES;46420941169.0;3868411764.0833335;8121276058.964361
QUALI ADMINISTRADORA DE BENEFÃCIOS S/A;ES;46420941169.0;3868411764.0833335;8121276058.964361
QUALICORP CLUBE DE SAÃDE ADMINISTRADORA DE BENEFÃCIOS LTDA.;SP;46420941169.0;3868411764.0833335;8121276058.964361
QUALIDONTO - QUALIDADE EM ODONTOLOGIA LTDA ;BA;46420941169.0;3868411764.0833335;8121276058.964361
QUALITY GOLD SAÃDE ADMINISTRADORA DE PLANOS DE SAÃDE LTDA-ME;RJ;46420941169.0;3868411764.0833335;8121276058.964361
QV BENEFÃCIOS EM SAÃDE LTDA;RJ;46420941169.0;3868411764.0833335;8121276058.964361
R.M.I. OPERADORA DE SAÃDE INTEGRADA LTDA;SP;46420941169.0;3868411764.0833335;8121276058.964361
RAMED ADMINISTRADORA DE BENEFICIOS LTDA.;SP;46420941169.0;3868411764.0833335;8121276058.964361
RBS PARTICIPAÃÃES S/A;RS;46420941169.0;3868411764.0833335;8121276058.964361
REAL GRANDEZA - FUNDAÃÃO DE PREVIDÃNCIA E ASSISTÃNCIA SOCIAL;RJ;46420941169.0;3868411764.0833335;8121276058.964361
REAL GRANDEZA SAÃDE;RJ;46420941169.0;3868411764.0833335;8121276058.964361
RESOLVE ADMINISTRADORA DE BENEFÃCIOS LTDA;PI;46420941169.0;3868411764.0833335;8121276058.964361
RG SAÃDE ADMINISTRADORA DE BENEFICIOS LTDA;SP;46420941169.0;3868411764.0833335;8121276058.964361
RIO DOCE SAÃDE;ES;46420941169.0;3868411764.0833335;8121276058.964361
ROPE ODONTOLOGIA ESPECIALIZADA S/S LTDA.;SP;46420941169.0;3868411764.0833335;8121276058.964361
S.P.A SAUDE- SISTEMA DE PROMOÃÃO ASSISTENCIAL;SP;46420941169.0;3868411764.0833335;8121276058.964361
S1 OPERADORA DE PLANO DE SAÃDE LTDA;DF;46420941169.0;3868411764.0833335;8121276058.964361
SAFE LIFE ADMINISTRADORA DE BENEFÃCIOS LTDA;SP;46420941169.0;3868411764.0833335;8121276058.964361
SAGRADA SAÃDE ASSISTÃNCIA MÃDICA LTDA;MG;46420941169.0;3868411764.0833335;8121276058.964361
SALUPLAN ADMINISTRADORA DE BENEFÃCIOS LTDA;SP;46420941169.0;3868411764.0833335;8121276058.964361
SALUSMED OPERADORA DE PLANOS DE SAUDE LTDA;SP;46420941169.0;3868411764.0833335;8121276058.964361
SALUTY ADMINISTRADORA DE BENEFICIOS LTDA;RJ;46420941169.0;3868411764.0833335;8121276058.964361
SALVE SAÃDE ADMINISTRADORA DE BENEFÃCIOS LTDA;RJ;46420941169.0;3868411764.0833335;8121276058.964361
SAME-SERVIÃO DE ASSISTÃNCIA MÃDICA EMPRESARIAL LTDA.;MA;46420941169.0;3868411764.0833335;8121276058.964361
SAMEDIL SERVIÃOS DE ATENDIMENTO MÃDICO S/A;ES;46420941169.0;3868411764.0833335;8121276058.964361
SAMEL PLANO DE SAÃDE LTDA;AM;46420941169.0;3868411764.0833335;8121276058.964361
SAMI ASSISTÃNCIA MÃDICA LTDA;SP;46420941169.0;3868411764.0833335;8121276058.964361
SAMIG - SERV. DE ASSISTENCIA MEDICA DA ILHA DO GOVERNADOR LTDA;RJ;46420941169.0;3868411764.0833335;8121276058.964361
SAMOC S.A. - SOCIEDADE ASSISTENCIAL MÃDICA E ODONTO CIRÃRGICA;RJ;46420941169.0;3868411764.0833335;8121276058.964361
SANTA CASA DA MISERICÃRDIA DE SÃO JOÃO DEL REI;MG;46420941169.0;3868411764.0833335;8121276058.964361
SANTA CASA DE MISERICORDIA DE SAO JOAQUIM DA BARRA;SP;46420941169.0;3868411764.0833335;8121276058.964361
SANTA CASA DE MISERICORDIA HOSPITAL SÃO VICENTE;SP;46420941169.0;3868411764.0833335;8121276058.964361
SANTA CASA DE MISERICÃRDIA DE JUIZ DE FORA;MG;46420941169.0;3868411764.0833335;8121276058.964361
SANTA CASA DE MISERICÃRDIA DE TUPÃ;SP;46420941169.0;3868411764.0833335;8121276058.964361
SANTA CASA DE MISERICÃRDIA DE VOTUPORANGA;SP;46420941169.0;3868411764.0833335;8121276058.964361
SANTA CASA DE MISERICÃRDIA E ASILO DOS POBRES DE BATATAIS;SP;46420941169.0;3868411764.0833335;8121276058.964361
SANTA CASA DE MISERICÃRDIA E BENEFICÃNCIA PORTUGUESA;SP;46420941169.0;3868411764.0833335;8121276058.964361
SANTA CASA DE SAÃDE - SCS;ES;46420941169.0;3868411764.0833335;8121276058.964361
SANTA CRUZ SAÃDE - GESTÃO EM PLANOS DE SAÃDE LTDA;MS;46420941169.0;3868411764.0833335;8121276058.964361
SANTA HELENA ASSISTÃNCIA MÃDICA S/A.;SP;46420941169.0;3868411764.0833335;8121276058.964361
SANUS ADMINISTRADORA DE BENEFÃCIOS LTDA;ES;46420941169.0;3868411764.0833335;8121276058.964361
SAUDE FACIL PLANOS DE SAUDE LTDA;RJ;46420941169.0;3868411764.0833335;8121276058.964361
SAUDE INTEGRAL ASSISTENCIA MEDICA LTDA;BA;46420941169.0;3868411764.0833335;8121276058.964361
SAUDE SALV ASSISTENCIA MEDICA LTDA;RO;46420941169.0;3868411764.0833335;8121276058.964361
SAUDE VIVA ADMINISTRADORA DE BENEFICIOS LTDA;SP;46420941169.0;3868411764.0833335;8121276058.964361
SAUDIA ASSISTENCIA MÃDICA LTDA;MG;46420941169.0;3868411764.0833335;8121276058.964361
SAÃDE BRASIL ASSISTÃNCIA MÃDICA LTDA.;SP;46420941169.0;3868411764.0833335;8121276058.964361
SAÃDE PLENA ADMINISTRADORA DE BENEFÃCIOS LTDA;MG;46420941169.0;3868411764.0833335;8121276058.964361
SD-M OPERADORA DE PLANOS DE SAUDE LTDA;RJ;46420941169.0;3868411764.0833335;8121276058.964361
SELECT OPERADORA DE PLANO DE SAUDE LTDA;GO;46420941169.0;3868411764.0833335;8121276058.964361
SERMED-SAÃDE LTDA.;SP;46420941169.0;3868411764.0833335;8121276058.964361
SERV  SOCIAL AUTÃNOMO DE ASSIST Ã SAÃDE DOS SERV PÃBLICOS E MILITARES DE GOIÃS;GO;46420941169.0;3868411764.0833335;8121276058.964361
SERVIX ADMINISTRADORA DE BENEFÃCIOS LTDA;DF;46420941169.0;3868411764.0833335;8121276058.964361
SERVIÃO FEDERAL DE PROCESSAMENTO DE DADOS (SERPRO);DF;46420941169.0;3868411764.0833335;8121276058.964361
SERVIÃO SOCIAL DA INDÃSTRIA DO PAPEL, PAPELÃO E CORTIÃA DO ESTADO DE SÃO PAULO - SEPACO;SP;46420941169.0;3868411764.0833335;8121276058.964361
SF SAÃDE ASSISTÃNCIA MÃDICA LTDA ;PE;46420941169.0;3868411764.0833335;8121276058.964361
SF SAÃDE ODONTOMAIS ASSISTÃNCIA ODONTOLÃGICA LTDA;PE;46420941169.0;3868411764.0833335;8121276058.964361
SIM - CAIXA DE ASSISTÃNCIA Ã SAÃDE;SC;46420941169.0;3868411764.0833335;8121276058.964361
SISO PLANO ODONTOLOGICO LTDA;SP;46420941169.0;3868411764.0833335;8121276058.964361
SISTEMA 1 SERVIÃOS DE ASSISTÃNCIA Ã SAÃDE SUPLEMENTAR;PR;46420941169.0;3868411764.0833335;8121276058.964361
SISTEMA TOTAL DE SAÃDE LTDA.;SP;46420941169.0;3868411764.0833335;8121276058.964361
SMART CARE SISTEMAS MÃDICOS E ODONTOLÃGICOS LTDA.;SP;46420941169.0;3868411764.0833335;8121276058.964361
SMILES ODONTO LTDA.;PR;46420941169.0;3868411764.0833335;8121276058.964361
SOBAM CENTRO MÃDICO HOSPITALAR S.A.;SP;46420941169.0;3868411764.0833335;8121276058.964361
SOCIEDADE BENEFICENTE DEZOITO DE JULHO;MG;46420941169.0;3868411764.0833335;8121276058.964361
SOCIEDADE PORTUGUESA DE BENEFICÃNCIA;RS;46420941169.0;3868411764.0833335;8121276058.964361
SOCIODONTO PLANO DE ASSISTÃNCIA ODONTOLÃGICA LTDA;MG;46420941169.0;3868411764.0833335;8121276058.964361
SOLIDUS ADMINISTRADORA DE BENEFICIOS E SOLUCOES EM SAUDE LTDA;BA;46420941169.0;3868411764.0833335;8121276058.964361
SOLIMEO ASSISTÃNCIA ODONTOLÃGICA LTDA.;SP;46420941169.0;3868411764.0833335;8121276058.964361
SOLUTIONS ADMINISTRADORA DE BENEFICIOS LTDA;RJ;46420941169.0;3868411764.0833335;8121276058.964361
SOMA ADMINISTRADORA DE BENEFICIOS LTDA ;RJ;46420941169.0;3868411764.0833335;8121276058.964361
SOPREVI SERVIÃO ODONTOLÃGICO PREVENTIVO INTEGRADO LTDA;RS;46420941169.0;3868411764.0833335;8121276058.964361
SORRIDEN CONVÃNIOS ODONTOLÃGICOS S.A.;SP;46420941169.0;3868411764.0833335;8121276058.964361
SORRISO STUDIO PLANO DE SAUDE LTDA;SP;46420941169.0;3868411764.0833335;8121276058.964361
SUL AMÃRICA ODONTOLÃGICO S/A;SP;46420941169.0;3868411764.0833335;8121276058.964361
SUL DO PARÃ LTDA;PA;46420941169.0;3868411764.0833335;8121276058.964361
SULMED - ASSISTÃNCIA MÃDICA LTDA;RS;46420941169.0;3868411764.0833335;8121276058.964361
SUPERMED ADMINISTRADORA DE BENEFÃCIOS LTDA.;RJ;46420941169.0;3868411764.0833335;8121276058.964361
SUPORTE ADMINISTRADORA DE BENEFICIOS LTDA;RJ;46420941169.0;3868411764.0833335;8121276058.964361
SÃO LUCAS SAÃDE S/A;SP;46420941169.0;3868411764.0833335;8121276058.964361
TECBEN ADMINISTRADORA DE BENEFICIOS LTDA.;SP;46420941169.0;3868411764.0833335;8121276058.964361
TELOS - FUNDAÃÃO EMBRATEL DE SEGURIDADE SOCIAL;RJ;46420941169.0;3868411764.0833335;8121276058.964361
TEMPO MED PLANO DE SAUDE LTDA;SC;46420941169.0;3868411764.0833335;8121276058.964361
TOPDONTO OPERADORA DE PLANO ODONTOLÃGICO LTDA;BA;46420941169.0;3868411764.0833335;8121276058.964361
TOTAL ASSISTÃNCIA MÃDICA HOSPITALAR LTDA;MG;46420941169.0;3868411764.0833335;8121276058.964361
TOTAL SAUDE  ADMINISTRADORA DE BENEFICIOS EIRELI;ES;46420941169.0;3868411764.0833335;8121276058.964361
TRINO - ALIANCA FILANTRÃPICA DE ASSISTÃNCIA E INTEGRAÃÃO PARA O DESENVOLVIMENTO DA SAUDE;ES;46420941169.0;3868411764.0833335;8121276058.964361
UNIBEN ADMINISTRADORA DE BENEFÃCIOS LTDA;MG;46420941169.0;3868411764.0833335;8121276058.964361
UNIC ASSISTENCIA MEDICA LTDA;SP;46420941169.0;3868411764.0833335;8121276058.964361
UNICONSULT - ADMINISTRADORA DE BENEFICIOS E SERVICOS LTDA;SP;46420941169.0;3868411764.0833335;8121276058.964361
UNICOR ADMINISTRADORA DE BENEFICIOS LTDA;MG;46420941169.0;3868411764.0833335;8121276058.964361
UNIMED - COOPERATIVA DE SERVIÃOS DE SAÃDE DOS VALES DO TAQUARI E RIO PARDO LTDA.;RS;46420941169.0;3868411764.0833335;8121276058.964361
UNIMED ALFENAS COOPERATIVA DE TRABALHO MEDICO;MG;46420941169.0;3868411764.0833335;8121276058.964361
UNIMED ALTA MOGIANA COOPERATIVA DE TRABALHO MÃDICO;SP;46420941169.0;3868411764.0833335;8121276058.964361
UNIMED ALTO DA SERRA - SOCIEDADE COOPERATIVA DE SERVIÃO MÃDICO LTDA.;RS;46420941169.0;3868411764.0833335;8121276058.964361
UNIMED ALTO JACUÃ/RS - COOPERATIVA DE ASSISTÃNCIA Ã SAÃDE LTDA;RS;46420941169.0;3868411764.0833335;8121276058.964361
UNIMED ALTO SÃO FRANCISCO COOPERATIVA DE TRABALHO MÃDICO;MG;46420941169.0;3868411764.0833335;8121276058.964361
UNIMED AMPARO COOPERATIVA DE TRABALHO MÃDICO;SP;46420941169.0;3868411764.0833335;8121276058.964361
UNIMED ANHANGUERA COOPERATIVA DE TRABALHO MÃDICO;SP;46420941169.0;3868411764.0833335;8121276058.964361
UNIMED ANÃPOLIS COOPERATIVA DE TRABALHO MÃDICO.;GO;46420941169.0;3868411764.0833335;8121276058.964361
UNIMED APUCARANA COOPERATIVA DE TRABALHO MÃDICO;PR;46420941169.0;3868411764.0833335;8121276058.964361
UNIMED ARAGUARI COOPERATIVA DE TRABALHO MÃDICO ;MG;46420941169.0;3868411764.0833335;8121276058.964361
UNIMED ARAXÃ COOPERATIVA DE TRABALHO MÃDICO LTDA.;MG;46420941169.0;3868411764.0833335;8121276058.964361
UNIMED BARBACENA - COOPERATIVA DE TRABALHO MÃDICO LTDA;MG;46420941169.0;3868411764.0833335;8121276058.964361
UNIMED BARRA DO GARÃAS - COOPERATIVA DE TRABALHO MÃDICO;MT;46420941169.0;3868411764.0833335;8121276058.964361
UNIMED BELO HORIZONTE COOPERATIVA DE TRABALHO MÃDICO;MG;46420941169.0;3868411764.0833335;8121276058.964361
UNIMED BLUMENAU - COOPERATIVA DE TRABALHO MEDICO;SC;46420941169.0;3868411764.0833335;8121276058.964361
UNIMED CABO FRIO COOPERATIVA TRABALHO MÃDICO LTDA.;RJ;46420941169.0;3868411764.0833335;8121276058.964361
UNIMED CAMPINAS - COOPERATIVA DE TRABALHO MÃDICO;SP;46420941169.0;3868411764.0833335;8121276058.964361
UNIMED CAMPO BELO- COOPERATIVA DE TRABALHO MÃDICO;MG;46420941169.0;3868411764.0833335;8121276058.964361
UNIMED CARATINGA - COOPERATIVA DE TRABALHO MÃDICO LTDA;MG;46420941169.0;3868411764.0833335;8121276058.964361
UNIMED CARUARU-COOPERATIVA DE TRABALHO MEDICO;PE;46420941169.0;3868411764.0833335;8121276058.964361
UNIMED CATAGUASES COOPERATIVA DE TRABALHO MÃDICO LTDA;MG;46420941169.0;3868411764.0833335;8121276058.964361
UNIMED CENTRO SUL FLUMINENSE COOPERATIVA DE TRABALHO MÃDICO;RJ;46420941169.0;3868411764.0833335;8121276058.964361
UNIMED CHAPECÃ - COOPERATIVA DE TRABALHO MÃDICO DA REGIÃO OESTE CATARINENSE;SC;46420941169.0;3868411764.0833335;8121276058.964361
UNIMED CONSELHEIRO LAFAIETE COOPERATIVA DE TRABALHO MÃDICO LTDA;MG;46420941169.0;3868411764.0833335;8121276058.964361
UNIMED COSTA DO DESCOBRIMENTO COOPERATIVA DE TRABALHO MÃDICO;BA;46420941169.0;3868411764.0833335;8121276058.964361
UNIMED COSTA OESTE - COOPERATIVA DE TRABALHO MÃDICO;PR;46420941169.0;3868411764.0833335;8121276058.964361
UNIMED COSTA VERDE RJ;RJ;46420941169.0;3868411764.0833335;8121276058.964361
UNIMED CURITIBA - SOCIEDADE COOPERATIVA DE MÃDICOS;PR;46420941169.0;3868411764.0833335;8121276058.964361
UNIMED CURVELO COOPERATIVA DE TRABALHO MÃDICO LTDA.;MG;46420941169.0;3868411764.0833335;8121276058.964361
UNIMED DE ARACATUBA - COOPERATIVA DE TRABALHO MÃDICO;SP;46420941169.0;3868411764.0833335;8121276058.964361
UNIMED DE ARARAQUARA - COOP. DE TRAB. MÃDICO;SP;46420941169.0;3868411764.0833335;8121276058.964361
UNIMED DE ASSIS COOPERATIVA DE TRABALHO MÃDICO;SP;46420941169.0;3868411764.0833335;8121276058.964361
UNIMED DE AVARÃ COOPERATIVA DE TRABALHO MÃDICO;SP;46420941169.0;3868411764.0833335;8121276058.964361
UNIMED DE BARRA MANSA SOC. COOP. SERV.MED.E HOSPIT.;RJ;46420941169.0;3868411764.0833335;8121276058.964361
UNIMED DE BARRETOS COOPERATIVA DE TRABALHO MÃDICO;SP;46420941169.0;3868411764.0833335;8121276058.964361
UNIMED DE BATATAIS - COOPERATIVA DE TRABALHO MÃDICO;SP;46420941169.0;3868411764.0833335;8121276058.964361
UNIMED DE BAURU COOPERATIVA DE TRABALHO MÃDICO;SP;46420941169.0;3868411764.0833335;8121276058.964361
UNIMED DE BEBEDOURO COOPERATIVA DE TRABALHO MÃDICO;SP;46420941169.0;3868411764.0833335;8121276058.964361
UNIMED DE BIRIGUI - COOPERATIVA DE TRABALHO MÃDICO;SP;46420941169.0;3868411764.0833335;8121276058.964361
UNIMED DE BOTUCATU COOPERATIVA DE TRABALHO MÃDICO;SP;46420941169.0;3868411764.0833335;8121276058.964361
UNIMED DE CAMPOS COOPERATIVA DE TRABALHO MÃDICO;RJ;46420941169.0;3868411764.0833335;8121276058.964361
UNIMED DE CAPIVARI -COOPERATIVA DE TRABALHO MÃDICO;SP;46420941169.0;3868411764.0833335;8121276058.964361
UNIMED DE CASCAVEL COOPERATIVA DE TRABALHO MÃDICO;PR;46420941169.0;3868411764.0833335;8121276058.964361
UNIMED DE CATANDUVA - COOPERATIVA DE TRABALHO MÃDICO;SP;46420941169.0;3868411764.0833335;8121276058.964361
UNIMED DE CAÃAPAVA - COOPERATIVA DE TRABALHO MEDICO;SP;46420941169.0;3868411764.0833335;8121276058.964361
UNIMED DE CIANORTE - COOPERATIVA DE TRABALHO MEDICO ;PR;46420941169.0;3868411764.0833335;8121276058.964361
UNIMED DE CRICIÃMA COOPERATIVA DE TRABALHO MÃDICO DA REGIÃO CARBONÃFERA;SC;46420941169.0;3868411764.0833335;8121276058.964361
UNIMED DE DOURADOS COOPERATIVA DE TRABALHO MÃDICO LTDA;MS;46420941169.0;3868411764.0833335;8121276058.964361
UNIMED DE DRACENA - COOPERATIVA DE TRABALHO MÃDICO;SP;46420941169.0;3868411764.0833335;8121276058.964361
UNIMED DE GUARATINGUETA-COOPERATIVA DE TRABALHO MÃDICO;SP;46420941169.0;3868411764.0833335;8121276058.964361
UNIMED DE GUARULHOS COOPERATIVA DE TRABALHO MÃDICO;SP;46420941169.0;3868411764.0833335;8121276058.964361
UNIMED DE JABOTICABAL COOP. DE TRABALHO MÃDICO;SP;46420941169.0;3868411764.0833335;8121276058.964361
UNIMED DE JATAÃ COOPERATIVA DE TRABALHO MÃDICO LTDA.;GO;46420941169.0;3868411764.0833335;8121276058.964361
UNIMED DE JOINVILLE COOPERATIVA DE TRABALHO MÃDICO;SC;46420941169.0;3868411764.0833335;8121276058.964361
UNIMED DE LENÃOIS PAULISTA - COOPERATIVA DE TRABALHO MÃDICO;SP;46420941169.0;3868411764.0833335;8121276058.964361
UNIMED DE LIMEIRA COOPERATIVA DE TRABALHO MÃDICO;SP;46420941169.0;3868411764.0833335;8121276058.964361
UNIMED DE LINS - COOPERATIVA DE TRABALHOS MÃDICOS;SP;46420941169.0;3868411764.0833335;8121276058.964361
UNIMED DE LONDRINA COOPERATIVA DE TRABALHO MÃDICO;PR;46420941169.0;3868411764.0833335;8121276058.964361
UNIMED DE LORENA COOPERATIVA DE TRABALHO MÃDICO;SP;46420941169.0;3868411764.0833335;8121276058.964361
UNIMED DE MACAÃ COOPERATIVA DE ASSISTÃNCIA Ã SAÃDE;RJ;46420941169.0;3868411764.0833335;8121276058.964361
UNIMED DE MARILIA COOPERATIVA DE TRABALHO MÃDICO;SP;46420941169.0;3868411764.0833335;8121276058.964361
UNIMED DE MINEIROS COOPERATIVA DE TRABALHO MÃDICO ;GO;46420941169.0;3868411764.0833335;8121276058.964361
UNIMED DE MONTE ALTO - COOPERATIVA DE TRABALHO MÃDICO;SP;46420941169.0;3868411764.0833335;8121276058.964361
UNIMED DE OURINHOS - COOPERATIVA DE TRABALHO MÃDICO;SP;46420941169.0;3868411764.0833335;8121276058.964361
UNIMED DE PARANAGUÃ COOPERATIVA DE TRABALHO MÃDICO;PR;46420941169.0;3868411764.0833335;8121276058.964361
UNIMED DE PARANAVAÃ COOPERATIVA DE TRABALHO MÃDICO;PR;46420941169.0;3868411764.0833335;8121276058.964361
UNIMED DE PINDAMONHANGABA - COOPERATIVA TRABALHO MEDICO;SP;46420941169.0;3868411764.0833335;8121276058.964361
UNIMED DE PIRACICABA SOCIEDADE COOPERATIVA DE SERVIÃOS MÃDICOS;SP;46420941169.0;3868411764.0833335;8121276058.964361
UNIMED DE PRESIDENTE PRUDENTE COOPERATIVA DE TRAB. MÃDICO;SP;46420941169.0;3868411764.0833335;8121276058.964361
UNIMED DE REGISTRO COOPERATIVA DE TRABALHO MÃDICO;SP;46420941169.0;3868411764.0833335;8121276058.964361
UNIMED DE RIBEIRAO PRETO - COOPERATIVA DE TRABALHO MÃDICO;SP;46420941169.0;3868411764.0833335;8121276058.964361
UNIMED DE RIO CLARO SP COOPERATIVA DE TRABALHO MEDICO;SP;46420941169.0;3868411764.0833335;8121276058.964361
UNIMED DE SANTA BÃRBARA D'OESTE E AMERICANA - COOP DE TRABALHO MÃDICO;SP;46420941169.0;3868411764.0833335;8121276058.964361
UNIMED DE SANTOS COOP DE TRAB MEDICO;SP;46420941169.0;3868411764.0833335;8121276058.964361
UNIMED DE SAO JOSÃ DO RIO PARDO-COOP. DE TRAB. MÃDICO;SP;46420941169.0;3868411764.0833335;8121276058.964361
UNIMED DE SÃO ROQUE - COOPERATIVA DE TRABALHO MÃDICO;SP;46420941169.0;3868411764.0833335;8121276058.964361
UNIMED DE TAUBATÃ COOPERATIVA DE TRABALHO MÃDICO;SP;46420941169.0;3868411764.0833335;8121276058.964361
UNIMED DE TUBARAO - COOPERATIVA DE TRABALHO MEDICO DA REGIAO DA AMUREL;SC;46420941169.0;3868411764.0833335;8121276058.964361
UNIMED DE TUPA COOPERATIVA DE TRABALHO MÃDICO;SP;46420941169.0;3868411764.0833335;8121276058.964361
UNIMED DE UBA COOPERATIVA DE TRABALHO MEDICO;MG;46420941169.0;3868411764.0833335;8121276058.964361
UNIMED DE VOLTA REDONDA COOPERATIVA DE TRABALHO MÃDICO;RJ;46420941169.0;3868411764.0833335;8121276058.964361
UNIMED DIVINOPOLIS - COOPERATIVA DE TRABALHO MEDICO LTDA;MG;46420941169.0;3868411764.0833335;8121276058.964361
UNIMED DO BRASIL - CONF. NACIONAL DAS COOPERATIVAS MÃDICAS;SP;46420941169.0;3868411764.0833335;8121276058.964361
UNIMED DO CEARÃ - FEDERAÃÃO DAS SOCIEDADES COOPERATIVAS MÃDICAS DO ESTADO DO CEARÃ LTDA.;CE;46420941169.0;3868411764.0833335;8121276058.964361
UNIMED DO EST. DO RJ FEDERAÃÃO EST. DAS COOPERATIVAS MÃDICAS;RJ;46420941169.0;3868411764.0833335;8121276058.964361
UNIMED DO ESTADO DE SANTA CATARINA FED. EST. DAS COOP. MÃD.;SC;46420941169.0;3868411764.0833335;8121276058.964361
UNIMED DO ESTADO DE SÃO PAULO - FEDERAÃÃO ESTADUAL DAS COOP. MÃDICAS;SP;46420941169.0;3868411764.0833335;8121276058.964361
UNIMED DO ESTADO DO PARANÃ FEDERAÃÃO ESTADUAL DAS COOPERATIVAS MÃDICAS;PR;46420941169.0;3868411764.0833335;8121276058.964361
UNIMED DO OESTE DA BAHIA COOPERATIVA DE TRABALHO MÃDICO;BA;46420941169.0;3868411764.0833335;8121276058.964361
UNIMED DO SUDOESTE COOPERATIVA DE TRABALHO MEDICO LTDA;BA;46420941169.0;3868411764.0833335;8121276058.964361
UNIMED ENCOSTA DA SERRA/RS SOCIEDADE COOPERATIVA DE SERVIÃOS DE SAÃDE LTDA.;RS;46420941169.0;3868411764.0833335;8121276058.964361
UNIMED ERECHIM - COOPERATIVA DE SERVIÃOS DE SAÃDE LTDA.;RS;46420941169.0;3868411764.0833335;8121276058.964361
UNIMED EXTREMO OESTE CATARINENSE COOPERATIVA DE TRABALHO MÃDICO;SC;46420941169.0;3868411764.0833335;8121276058.964361
UNIMED EXTREMO SUL COOPERATIVA DE TRABALHO MÃDICO;BA;46420941169.0;3868411764.0833335;8121276058.964361
UNIMED FRANCA - SOCIEDADE COOPERATIVA DE SERVIÃOS MÃDICOS E HOSPITALARES;SP;46420941169.0;3868411764.0833335;8121276058.964361
UNIMED FRANCISCO BELTRAO COOPERATIVA DE TRABALHO MEDICO;PR;46420941169.0;3868411764.0833335;8121276058.964361
UNIMED FRONTEIRA NOROESTE/RS - COOPERATIVA DE ASSISTÃNCIA Ã SAÃDE LTDA.;RS;46420941169.0;3868411764.0833335;8121276058.964361
UNIMED GOVERNADOR VALADARES COOP. DE TRABALHO MÃDICO LTDA.;MG;46420941169.0;3868411764.0833335;8121276058.964361
UNIMED GRANDE FLORIANÃPOLIS-COOPERATIVA DE TRABALHO MEDICO;SC;46420941169.0;3868411764.0833335;8121276058.964361
UNIMED GUARAPUAVA COOPERATIVA DE TRABALHO MÃDICO;PR;46420941169.0;3868411764.0833335;8121276058.964361
UNIMED GUAXUPÃ COOPERATIVA DE TRABALHO MEDICO;MG;46420941169.0;3868411764.0833335;8121276058.964361
UNIMED INCONFIDENTES COOPERATIVA DE TRABALHO MÃDICO LTDA.;MG;46420941169.0;3868411764.0833335;8121276058.964361
UNIMED ITABIRA COOPERATIVA DE TRABALHO MÃDICO;MG;46420941169.0;3868411764.0833335;8121276058.964361
UNIMED ITAJUBA COOPERATIVA DE TRABALHO MEDICO;MG;46420941169.0;3868411764.0833335;8121276058.964361
UNIMED ITAÃNA COOPERATIVA DE TRABALHO MÃDICO LTDA.;MG;46420941169.0;3868411764.0833335;8121276058.964361
UNIMED ITUIUTABA COOPERATIVA TRABALHO MÃDICO LTDA.;MG;46420941169.0;3868411764.0833335;8121276058.964361
UNIMED JOÃO MONLEVADE COOPERATIVA DE TRABALHO MÃDICO LTDA.;MG;46420941169.0;3868411764.0833335;8121276058.964361
UNIMED JUIZ DE FORA COOPERATIVA DE TRABALHO MÃDICO LTDA;MG;46420941169.0;3868411764.0833335;8121276058.964361
UNIMED JUNDIAI - COOPERATIVA DE TRABALHO MÃDICO;SP;46420941169.0;3868411764.0833335;8121276058.964361
UNIMED LAVRAS COOPERATIVA DE TRABALHO MÃDICO;MG;46420941169.0;3868411764.0833335;8121276058.964361
UNIMED LEOPOLDINA COOPERATIVA DE TRABALHO MÃDICO LTDA;MG;46420941169.0;3868411764.0833335;8121276058.964361
UNIMED LESTE PAULISTA COOPERATIVA DE TRABALHO MÃDICO;SP;46420941169.0;3868411764.0833335;8121276058.964361
UNIMED LITORAL COOPERATIVA DE TRABALHO MÃDICO LTDA;SC;46420941169.0;3868411764.0833335;8121276058.964361
UNIMED MACEIO COOPERATIVA DE TRABALHO MÃDICO;AL;46420941169.0;3868411764.0833335;8121276058.964361
UNIMED MACHADO COOPERATIVA DE TRABALHO MEDICO;MG;46420941169.0;3868411764.0833335;8121276058.964361
UNIMED METROPOLITANA DO AGRESTE - COOPERATIVA DE TRABALHO MÃDICO;AL;46420941169.0;3868411764.0833335;8121276058.964361
UNIMED MISSÃES/RS - COOPERATIVA DE ASSISTÃNCIA Ã SAÃDE LTDA.;RS;46420941169.0;3868411764.0833335;8121276058.964361
UNIMED MONTES CLAROS COOPERATIVA DE  TRABALHO MÃDICO LTDA.;MG;46420941169.0;3868411764.0833335;8121276058.964361
UNIMED MURIAÃ COOPERATIVA DE TRABALHO MEDICO LTDA;MG;46420941169.0;3868411764.0833335;8121276058.964361
UNIMED NOROESTE CAPIXABA COOPERATIVA DE TRABALHO MÃDICO.;ES;46420941169.0;3868411764.0833335;8121276058.964361
UNIMED NOROESTE DE MINAS COOPERATIVA DE TRABALHO MEDICO LTDA;MG;46420941169.0;3868411764.0833335;8121276058.964361
UNIMED NOROESTE DO PARANÃ COOP DE TRABALHO MÃDICO .;PR;46420941169.0;3868411764.0833335;8121276058.964361
UNIMED NOROESTE FLUMINENSE - COOPERATIVA DE TRABALHO MÃDICO LTDA;RJ;46420941169.0;3868411764.0833335;8121276058.964361
UNIMED NOROESTE/RS - SOCIEDADE COOPERATIVA DE ASSISTÃNCIA Ã SAÃDE LTDA.;RS;46420941169.0;3868411764.0833335;8121276058.964361
UNIMED NORTE CAPIXABA- COOPERATIVA DE TRABALHO MÃDICO;ES;46420941169.0;3868411764.0833335;8121276058.964361
UNIMED NORTE DO MATO GROSSO COOPERATIVA DE TRABALHO MÃDICO;MT;46420941169.0;3868411764.0833335;8121276058.964361
UNIMED NORTE DO PARANÃ COOPERATIVA REGIONAL DE TRABALHO MÃDICO;PR;46420941169.0;3868411764.0833335;8121276058.964361
UNIMED NORTE FLUMINENSE COOPERATIVA DE TRABALHO MEDICO;RJ;46420941169.0;3868411764.0833335;8121276058.964361
UNIMED NORTE PAULISTA - COOPERATIVA DE TRABALHO MÃDICO;SP;46420941169.0;3868411764.0833335;8121276058.964361
UNIMED NORTE PIONEIRO - COOPERATIVA DE TRABALHO MÃDICO;PR;46420941169.0;3868411764.0833335;8121276058.964361
UNIMED NOVA FRIBURGO-SOC.COOP.SERV.MED.HOSP.LTDA.;RJ;46420941169.0;3868411764.0833335;8121276058.964361
UNIMED NOVA IGUACU COOPERATIVA DE TRABALHO MEDICO;RJ;46420941169.0;3868411764.0833335;8121276058.964361
UNIMED OESTE DO PARANA - COOPERATIVA DE TRABALHO MEDICO;PR;46420941169.0;3868411764.0833335;8121276058.964361
UNIMED OESTE DO PARÃ - COOPERATIVA DE TRABALHO MÃDICO;PA;46420941169.0;3868411764.0833335;8121276058.964361
UNIMED PALMAS COOPERATIVA DE TRABALHO MÃDICO;TO;46420941169.0;3868411764.0833335;8121276058.964361
UNIMED PARAIBA - FEDERAÃAO DAS SOCIEDADES COOPERATIVAS DE TRABALHO MEDICO;PB;46420941169.0;3868411764.0833335;8121276058.964361
UNIMED PARÃ DE MINAS COOPERATIVA DE TRABALHO MÃDICO LTDA.;MG;46420941169.0;3868411764.0833335;8121276058.964361
UNIMED PATO BRANCO SOCIEDADE COOPERATIVA DE MÃDICOS;PR;46420941169.0;3868411764.0833335;8121276058.964361
UNIMED PATOS DE MINAS COOPERATIVA TRABALHO MÃDICO LTDA.;MG;46420941169.0;3868411764.0833335;8121276058.964361
UNIMED PATROCÃNIO COOPERATIVA DE TRABALHO MÃDICO LTDA.;MG;46420941169.0;3868411764.0833335;8121276058.964361
UNIMED PELOTAS/RS - COOPERATIVA DE ASSISTÃNCIA Ã SAÃDE LTDA.;RS;46420941169.0;3868411764.0833335;8121276058.964361
UNIMED PETROPOLIS-RJ COOPERATIVA DE TRABALHO MÃDICO;RJ;46420941169.0;3868411764.0833335;8121276058.964361
UNIMED PLANALTO CENTRAL/RS - COOPERATIVA DE ASSISTÃNCIA  Ã SAÃDE LTDA.;RS;46420941169.0;3868411764.0833335;8121276058.964361
UNIMED PLANALTO MÃDIO/RS - COOPERATIVA DE ASSISTÃNCIA Ã SAÃDE LTDA.;RS;46420941169.0;3868411764.0833335;8121276058.964361
UNIMED PONTA GROSSA COOPERATIVA DE TRABALHO MEDICO;PR;46420941169.0;3868411764.0833335;8121276058.964361
UNIMED PORTO ALEGRE - COOPERATIVA MÃDICA LTDA.;RS;46420941169.0;3868411764.0833335;8121276058.964361
UNIMED POÃOS DE CALDAS - SOC. COOP. DE TRAB. E SERVIÃOS MÃDICOS;MG;46420941169.0;3868411764.0833335;8121276058.964361
UNIMED RECIFE COOPERATIVA DE TRABALHO MÃDICO;PE;46420941169.0;3868411764.0833335;8121276058.964361
UNIMED REGIONAL DA BAIXA MOGIANA - COOPERATIVA DE TRABALHO MÃDICO;SP;46420941169.0;3868411764.0833335;8121276058.964361
UNIMED REGIONAL DE CAMPO MOURÃO COOP TRAB MEDICO ;PR;46420941169.0;3868411764.0833335;8121276058.964361
UNIMED REGIONAL DE FLORIANO - COOPERATIVA DE TRABALHO MÃDICO;PI;46420941169.0;3868411764.0833335;8121276058.964361
UNIMED REGIONAL DE PICOS - COOPERATIVA DE TRABALHO MÃDICO;PI;46420941169.0;3868411764.0833335;8121276058.964361
UNIMED REGIONAL MARINGÃ COOP.DE TRABALHO MÃDICO;PR;46420941169.0;3868411764.0833335;8121276058.964361
UNIMED REGIONAL SUL GOIAS COOP. DE TRABALHO MÃDICO LTDA;GO;46420941169.0;3868411764.0833335;8121276058.964361
UNIMED REGIÃO DA CAMPANHA/RS - COOPERATIVA DE ASSISTÃNCIA Ã SAÃDE LTDA.;RS;46420941169.0;3868411764.0833335;8121276058.964361
UNIMED REGIÃO DA FRONTEIRA - RS COOPERATIVA DE ASSISTÃNCIA Ã SAÃDE LTDA.;RS;46420941169.0;3868411764.0833335;8121276058.964361
UNIMED RESENDE COOPERATIVA DE TRABALHO MÃDICO;RJ;46420941169.0;3868411764.0833335;8121276058.964361
UNIMED RIO BRANCO COOPERATIVA DE TRABALHO MEDICO LTDA;AC;46420941169.0;3868411764.0833335;8121276058.964361
UNIMED RIO VERDE COOPERATIVA TRABALHO MEDICO;GO;46420941169.0;3868411764.0833335;8121276058.964361
UNIMED RONDONOPOLIS COOPERATIVA DE TRABALHO MÃDICO LTDA;MT;46420941169.0;3868411764.0833335;8121276058.964361
UNIMED SALTO/ITU - COOPERATIVA MÃDICA;SP;46420941169.0;3868411764.0833335;8121276058.964361
UNIMED SANTA MARIA/RS - COOPERATIVA DE ASSISTÃNCIA Ã SAÃDE LTDA;RS;46420941169.0;3868411764.0833335;8121276058.964361
UNIMED SAO JOSE DOS CAMPOS - COOPERATIVA DE TRABALHO MEDICO;SP;46420941169.0;3868411764.0833335;8121276058.964361
UNIMED SAO JOSÃ DO RIO PRETO - COOP. DE TRABALHO MÃDICO;SP;46420941169.0;3868411764.0833335;8121276058.964361
UNIMED SAÃDE E ODONTO S.A;SP;46420941169.0;3868411764.0833335;8121276058.964361
UNIMED SERGIPE - COOPERATIVA DE TRABALHO MÃDICO;SE;46420941169.0;3868411764.0833335;8121276058.964361
UNIMED SERRA GAUCHA/RS COOPERATIVA DE ASSISTENCIA A SAUDE LTDA;RS;46420941169.0;3868411764.0833335;8121276058.964361
UNIMED SOROCABA COOPERATIVA DE TRABALHO MÃDICO;SP;46420941169.0;3868411764.0833335;8121276058.964361
UNIMED SOUSA - COOPERATIVA DE TRABALHO MÃDICO;PB;46420941169.0;3868411764.0833335;8121276058.964361
UNIMED SUDOESTE DE MINAS COOPERATIVA DE TRABALHO MÃDICO;MG;46420941169.0;3868411764.0833335;8121276058.964361
UNIMED SUDOESTE PAULISTA COOPERATIVA DE TRABALHO MÃDICO;SP;46420941169.0;3868411764.0833335;8121276058.964361
UNIMED SUL CAPIXABA COOPERATIVA DE TRABALHO MÃDICO;ES;46420941169.0;3868411764.0833335;8121276058.964361
UNIMED SUL PAULISTA - COOPERATIVA DE TRABALHO MÃDICO;SP;46420941169.0;3868411764.0833335;8121276058.964361
UNIMED SÃO CARLOS - COOPERATIVA DE TRABALHO MÃDICO;SP;46420941169.0;3868411764.0833335;8121276058.964361
UNIMED SÃO JOÃO DEL REI - COOPERATIVA DE TRABALHO MÃDICO;MG;46420941169.0;3868411764.0833335;8121276058.964361
UNIMED SÃO JOÃO NEPOMUCENO COOPERATIVA DE TRABALHO MÃDICO LTDA.;MG;46420941169.0;3868411764.0833335;8121276058.964361
UNIMED SÃO LOURENÃO COOPERATIVA DE TRABALHO MÃDICO;MG;46420941169.0;3868411764.0833335;8121276058.964361
UNIMED SÃO SEBASTIÃO DO PARAÃSO COOPERATIVA DE TRABALHO MÃDICO;MG;46420941169.0;3868411764.0833335;8121276058.964361
UNIMED TEOFILO OTONI COOPERATIVA DE TRABALHO MÃDICO;MG;46420941169.0;3868411764.0833335;8121276058.964361
UNIMED TRÃS CORAÃÃES COOPERATIVA DE TRABALHO MÃDICO LTDA.;MG;46420941169.0;3868411764.0833335;8121276058.964361
UNIMED TRÃS PONTAS - COOPERATIVA DE TRABALHO MÃDICO;MG;46420941169.0;3868411764.0833335;8121276058.964361
UNIMED UBERABA COOPERATIVA DE TRABALHO MEDICO LTDA.;MG;46420941169.0;3868411764.0833335;8121276058.964361
UNIMED UBERLÃNDIA COOPERATIVA REGIONAL TRABALHO MÃDICO LTDA;MG;46420941169.0;3868411764.0833335;8121276058.964361
UNIMED VALE DAS ANTAS, RS - COOPERATIVA DE ASSISTÃNCIA Ã SAÃDE LTDA.;RS;46420941169.0;3868411764.0833335;8121276058.964361
UNIMED VALE DO AÃO COOPERATIVA DE TRABALHO MÃDICO;MG;46420941169.0;3868411764.0833335;8121276058.964361
UNIMED VALE DO CARANGOLA COOPERATIVA DE TRABALHO MEDICO LTDA;MG;46420941169.0;3868411764.0833335;8121276058.964361
UNIMED VALE DO CAÃ/RS - COOPERATIVA DE ASSISTÃNCIA Ã SAÃDE LTDA.;RS;46420941169.0;3868411764.0833335;8121276058.964361
UNIMED VALE DO JAURU COOPERATIVA DE TRABALHO MÃDICO;MT;46420941169.0;3868411764.0833335;8121276058.964361
UNIMED VALE DO PIQUIRI-COOPERATIVA DE TRABALHO MÃDICO VALE DO PIQUIRI ;PR;46420941169.0;3868411764.0833335;8121276058.964361
UNIMED VALE DO SINOS - COOPERATIVA DE ASSISTÃNCIA Ã SAÃDE LTDA;RS;46420941169.0;3868411764.0833335;8121276058.964361
UNIMED VALE DO SÃO FRANCISCO COOPERATIVA DE TRABALHO MÃDICO;PE;46420941169.0;3868411764.0833335;8121276058.964361
UNIMED VARGINHA COOPERATIVA DE TRABALHO MÃDICO;MG;46420941169.0;3868411764.0833335;8121276058.964361
UNIMED VERTENTE DO CAPARAÃ - COOPERATIVA DE TRABALHO MÃDICO LTDA;MG;46420941169.0;3868411764.0833335;8121276058.964361
UNIMED VITORIA COOPERATIVA DE TRABALHO MEDICO;ES;46420941169.0;3868411764.0833335;8121276058.964361
UNIMED VIÃOSA - COOPERATIVA DE TRABALHO MÃDICO;MG;46420941169.0;3868411764.0833335;8121276058.964361
UNIMED-RIO COOPERATIVA DE TRABALHO MEDICO DO RIO DE JANEIRO;RJ;46420941169.0;3868411764.0833335;8121276058.964361
UNIMED-SÃO GONÃALO - NITERÃI - SOC.COOP.SERV.MED E HOSP LTDA;RJ;46420941169.0;3868411764.0833335;8121276058.964361
UNIODONTO BEBEDOURO - COOPERATIVA ODONTOLÃGICA;SP;46420941169.0;3868411764.0833335;8121276058.964361
UNIODONTO BELÃM - COOPERATIVA DE ASSISTÃNCIA Ã SAÃDE ODONTOLÃGICA;PA;46420941169.0;3868411764.0833335;8121276058.964361
UNIODONTO COOP ODONT VALE TAQUARI E RIO PARDO LTDA;RS;46420941169.0;3868411764.0833335;8121276058.964361
UNIODONTO DE AMERICANA COOPERATIVA ODONTOLÃGICA;SP;46420941169.0;3868411764.0833335;8121276058.964361
UNIODONTO DE ARACAJU COOP DE TRABALHO ODONTOLOGICO;SE;46420941169.0;3868411764.0833335;8121276058.964361
UNIODONTO DE ARARAQUARA COOPERATIVA ODONTOLÃGICA;SP;46420941169.0;3868411764.0833335;8121276058.964361
UNIODONTO DE CAMPINAS COOPERATIVA ODONTOLÃGICA;SP;46420941169.0;3868411764.0833335;8121276058.964361
UNIODONTO DE FEIRA DE SANTANA - COOPERATIVA DE TRABALHO ODONTOLÃGICO DE FEIRA DE SANTANA RESP LIMITADA;BA;46420941169.0;3868411764.0833335;8121276058.964361
UNIODONTO DE FORTALEZA COOPERATIVA DE TRABALHO ODONTOLOGICO LTDA;CE;46420941169.0;3868411764.0833335;8121276058.964361
UNIODONTO DE JOÃO PESSOA COOPERATIVA ODONTOLÃGICA;PB;46420941169.0;3868411764.0833335;8121276058.964361
UNIODONTO DE JUNDIAÃ COOPERATIVA ODONTOLÃGICA;SP;46420941169.0;3868411764.0833335;8121276058.964361
UNIODONTO DE LIMEIRA COOPERATIVA ODONTOLÃGICA;SP;46420941169.0;3868411764.0833335;8121276058.964361
UNIODONTO DE LONDRINA COOP. ODONTOLÃGICA;PR;46420941169.0;3868411764.0833335;8121276058.964361
UNIODONTO DE MANAUS - COOPERATIVA ODONTOLÃGICA LTDA.;AM;46420941169.0;3868411764.0833335;8121276058.964361
UNIODONTO DE MATO GROSSO COOP TRAB ODONTOLOGICO LTDA;MT;46420941169.0;3868411764.0833335;8121276058.964361
UNIODONTO DE RECIFE - COOPERATIVA ODONTOLÃGICA;PE;46420941169.0;3868411764.0833335;8121276058.964361
UNIODONTO DE RIO CLARO COOPERATIVA ODONTOLOGICA;SP;46420941169.0;3868411764.0833335;8121276058.964361
UNIODONTO DE SALVADOR - COOPERATIVA DE TRABALHO ODONTOLÃGICO LTDA.;BA;46420941169.0;3868411764.0833335;8121276058.964361
UNIODONTO DE SOROCABA COOPERATIVA ODONTOLÃGICA;SP;46420941169.0;3868411764.0833335;8121276058.964361
UNIODONTO DE SÃO JOSÃ DOS CAMPOS COOPERATIVA DE TRABALHO ODONTOLÃGICO;SP;46420941169.0;3868411764.0833335;8121276058.964361
UNIODONTO DO BRASIL CENTRAL NACIONAL DAS COOPERATIVAS ODONTÃLOGICAS;SP;46420941169.0;3868411764.0833335;8121276058.964361
UNIODONTO DO SUL GOIANO COOPERATIVA ODONTOLOGICA;GO;46420941169.0;3868411764.0833335;8121276058.964361
UNIODONTO MACEIÃ COOPERATIVA ODONTOLÃGICA;AL;46420941169.0;3868411764.0833335;8121276058.964361
UNIODONTO PAULISTA-FEDERAÃÃO DAS COOPERATIVAS ODONTOLÃGICAS DO ESTADO DE SÃO PAULO;SP;46420941169.0;3868411764.0833335;8121276058.964361
UNIODONTO PIRACICABA - COOPERATIVA ODONTOLÃGICA;SP;46420941169.0;3868411764.0833335;8121276058.964361
UNIODONTO PONTA GROSSA COOPERATIVA ODONTOLÃGICA;PR;46420941169.0;3868411764.0833335;8121276058.964361
UNIODONTO PORTO ALEGRE COOPERATIVA ODONTOLOGICA LTDA;RS;46420941169.0;3868411764.0833335;8121276058.964361
UNIODONTO REGIONAL COOPERATIVA ODONTOLOGICA;MG;46420941169.0;3868411764.0833335;8121276058.964361
UNIODONTO RS FEDERACAO DAS UNIODONTOS DO RGS LTDA;RS;46420941169.0;3868411764.0833335;8121276058.964361
UNIODONTO SÃO CARLOS -  COOPERATIVA ODONTOLÃGICA;SP;46420941169.0;3868411764.0833335;8121276058.964361
UNIODONTO SÃO JOSÃ DO RIO PRETO - COOPERATIVA ODONTOLÃGICA;SP;46420941169.0;3868411764.0833335;8121276058.964361
UNIODONTO UBERABA - COOPERATIVA DE ASSISTÃNCIA Ã SAÃDE ODONTOLÃGICA LTDA;MG;46420941169.0;3868411764.0833335;8121276058.964361
UNION ADMINISTRADORA DE BENEFÃCIOS EM SAÃDE LTDA - EPP;MG;46420941169.0;3868411764.0833335;8121276058.964361
UNIPACTUM ADMINISTRADORA DE BENEFÃCIOS LTDA.;SP;46420941169.0;3868411764.0833335;8121276058.964361
UNITY ADMINISTRADORA DE BENEFÃCIOS LTDA;ES;46420941169.0;3868411764.0833335;8121276058.964361
UNITY SERVIÃOS INTEGRADOS DE SAÃDE LTDA.;DF;46420941169.0;3868411764.0833335;8121276058.964361
UNIVERSAL PLANO ODONTOLOGICO LTDA;SP;46420941169.0;3868411764.0833335;8121276058.964361
UNIVIDA USA OPERADORA EM SAUDE S/A;SP;46420941169.0;3868411764.0833335;8121276058.964361
UNIX SAÃDE S.A;BA;46420941169.0;3868411764.0833335;8121276058.964361
UNIÃO HOSPITAIS DE PERNAMBUCO LTDA;PE;46420941169.0;3868411764.0833335;8121276058.964361
UNIÃO SAUDE ADMINISTRADORA DE PLANOS DE SAUDE LTDA;RJ;46420941169.0;3868411764.0833335;8121276058.964361
UP HEALTH ADMINISTRADORA DE BENEFÃCIOS S/A;ES;46420941169.0;3868411764.0833335;8121276058.964361
UP SOLUÃÃES EM SAÃDE LTDA ;SP;46420941169.0;3868411764.0833335;8121276058.964361
USODONTO PLANOS DE SAÃDE LTDA;AM;46420941169.0;3868411764.0833335;8121276058.964361
18 DE JULHO ADMINISTRADORA DE BENEFÃCIOS LTDA;MG;46420941169.0;3868411764.0833335;8121276058.964361
VALE S/A;RJ;46420941169.0;3868411764.0833335;8121276058.964361
VALEM ADMINISTRADORA DE BENEFÃCIOS LTDA;MG;46420941169.0;3868411764.0833335;8121276058.964361
VALLOR ADMINISTRADORA DE BENEFÃCIOS LTDA;MG;46420941169.0;3868411764.0833335;8121276058.964361
VALOR SAUDE ADMINISTRADORA DE BENEFICIOS LTDA;SP;46420941169.0;3868411764.0833335;8121276058.964361
VCT PLANOS DE SAUDE LTDA;MG;46420941169.0;3868411764.0833335;8121276058.964361
VECTORIAL ADMINISTRADORA DE BENEFÃCIOS LTDA;RJ;46420941169.0;3868411764.0833335;8121276058.964361
VETTOR ADMINISTRADORA DE BENEFICIOS LTDA;MG;46420941169.0;3868411764.0833335;8121276058.964361
VIDA & SAUDE ADMINISTRADORA DE PLANOS DE SAUDE LTDA;RJ;46420941169.0;3868411764.0833335;8121276058.964361
VIDA E SAUDE ASSISTENCIA MEDICA LTDA.;AM;46420941169.0;3868411764.0833335;8121276058.964361
VIDA TOP MAIS SAÃDE OPERADORA DE PLANOS DE SAÃDE LTDA.;SP;46420941169.0;3868411764.0833335;8121276058.964361
VITACARE PLANOS DE SAUDE LTDA;BA;46420941169.0;3868411764.0833335;8121276058.964361
VITAPLENA OPERADORA DE PLANOS DE SAÃDE LTDA;SP;46420941169.0;3868411764.0833335;8121276058.964361
VITREA ADMINISTRADORA DE BENEFÃCIOS LTDA;SP;46420941169.0;3868411764.0833335;8121276058.964361
VITTA SAUDE ADMINISTRADORA DE BENEFICIOS LTDA.;SP;46420941169.0;3868411764.0833335;8121276058.964361
A.P.S. ADMINISTRADORA DE BENEFÃCOS LTDA.;SP;46420941169.0;3868411764.0833335;8121276058.964361
2CARE OPERADORA DE SAÃDE LTDA.;SP;46420941169.0;3868411764.0833335;8121276058.964361
VIVER SAUDE LTDA;RN;46420941169.0;3868411764.0833335;8121276058.964361
VOCÃ TOTAL PLANOS DE SAÃDE LIMITADA;SP;46420941169.0;3868411764.0833335;8121276058.964361
VOLVO DO BRASIL VEÃCULOS LTDA.;PR;46420941169.0;3868411764.0833335;8121276058.964361
W. DENTAL PLANOS ODONTOLÃGICOS S.A;ES;46420941169.0;3868411764.0833335;8121276058.964361
WIN - ADMINISTRADORA DE BENEFÃCIOS LTDA;MG;46420941169.0;3868411764.0833335;8121276058.964361
WRE BENEFÃCIOS EM SAÃDE  LTDA;RJ;46420941169.0;3868411764.0833335;8121276058.964361
XIPP INTEGRADORA E ADMINISTRADORA DE BENEFICIOS LTDA;SP;46420941169.0;3868411764.0833335;8121276058.964361
XP ADMINISTRADORA DE BENEFÃCIOS LTDA.;SP;46420941169.0;3868411764.0833335;8121276058.964361
YELLOW ADMINISTRADORA DE BENEFÃCIOS LTDA;SP;46420941169.0;3868411764.0833335;8121276058.964361
YOU ASSISTÃNCIA MÃDICA LTDA.;MG;46420941169.0;3868411764.0833335;8121276058.964361
YOU ODONTO LTDA.;MG;46420941169.0;3868411764.0833335;8121276058.964361
ZEUX ADMINISTRADORA DE BENEFICIOS LTDA;RJ;46420941169.0;3868411764.0833335;8121276058.964361
ZURICH SANTANDER BRASIL ODONTO LTDA.;SP;46420941169.0;3868411764.0833335;8121276058.964361
ÃNIX OPERADORA DE PLANOS DE SAÃDE LTDA;RJ;46420941169.0;3868411764.0833335;8121276058.964361
ABPLUS ADMINISTRADORA DE BENEFÃCIOS LTDA.;RJ;46420941169.0;3868411764.0833335;8121276058.964361
